PRAGMA foreign_keys=OFF;
BEGIN TRANSACTION;
CREATE TABLE PRATELEIRAS (
    PRATELEIRA_CODIGO INTEGER  PRIMARY KEY ,
    PRATELEIRA_NOME TEXT  NOT NULL ,
    PRATELEIRA_LOCALIZACAO CHAR  NOT NULL 
);
INSERT INTO PRATELEIRAS VALUES(101,'Prateleira Higiene','Corredor Higiene');
INSERT INTO PRATELEIRAS VALUES(102,'Prateleira Bebidas','Corredor Bebidas');
INSERT INTO PRATELEIRAS VALUES(103,'Prateleira Doces','Corredor Doces');
INSERT INTO PRATELEIRAS VALUES(104,'Prateleira Frutas','Corredor Frutas');
INSERT INTO PRATELEIRAS VALUES(105,'Prateleira Bovinos','Açougue');
INSERT INTO PRATELEIRAS VALUES(106,'Prateleira Frios','Corredor Frios');
INSERT INTO PRATELEIRAS VALUES(107,'Prateleira Limpeza','Corredor Limpeza');
INSERT INTO PRATELEIRAS VALUES(108,'Prateleira Utilidades','Corredor Utilidades');
INSERT INTO PRATELEIRAS VALUES(109,'Prateleira Suinos','Açougue');
INSERT INTO PRATELEIRAS VALUES(110,'Prateleira Aves','Açougue');
CREATE TABLE ATENDENTES (
    ATENDENTE_CODIGO INTEGER  PRIMARY KEY AUTOINCREMENT ,
    ATENDENTE_NOME TEXT NOT NULL  
);
INSERT INTO ATENDENTES VALUES(1,'Claudio');
INSERT INTO ATENDENTES VALUES(2,'Willian');
INSERT INTO ATENDENTES VALUES(3,'Matheus');
INSERT INTO ATENDENTES VALUES(4,'Débora');
INSERT INTO ATENDENTES VALUES(5,'Marli');
INSERT INTO ATENDENTES VALUES(6,'Bruno');
INSERT INTO ATENDENTES VALUES(7,'Thiago');
INSERT INTO ATENDENTES VALUES(8,'Adriano');
INSERT INTO ATENDENTES VALUES(9,'João');
INSERT INTO ATENDENTES VALUES(10,'Maria');
CREATE TABLE CIDADES (
	CIDADE_ID INTEGER NOT NULL PRIMARY KEY AUTOINCREMENT,
	CIDADE_NOME TEXT NOT NULL
, CIDADE_CEP TEXT NOT NULL);
INSERT INTO CIDADES VALUES(1,'FLORIANOPOLIS','123456-00');
INSERT INTO CIDADES VALUES(2,'BLUMENAU','321123-11');
CREATE TABLE PRODUTOS (
	PRODUTO_CODIGO INTEGER PRIMARY KEY AUTOINCREMENT,
	PRODUTO_NOME TEXT NOT NULL,
	PRATELEIRA_ID INTEGER,
	PRODUTO_QUANTIDADE INTEGER,
	PRODUTO_VALOR_UN FLOAT DEFAULT '0' NOT NULL,
	CONSTRAINT PRODUTOS_FK FOREIGN KEY (PRATELEIRA_ID) REFERENCES PRATELEIRAS(PRATELEIRA_CODIGO) ON DELETE RESTRICT
);
INSERT INTO PRODUTOS VALUES(1,'Banana',104,50,0.0);
INSERT INTO PRODUTOS VALUES(2,'Melancia',104,50,0.0);
INSERT INTO PRODUTOS VALUES(3,'Alface',104,50,0.0);
INSERT INTO PRODUTOS VALUES(4,'Laranja',104,50,0.0);
INSERT INTO PRODUTOS VALUES(5,'Cebola',104,50,0.0);
INSERT INTO PRODUTOS VALUES(6,'Batata',104,50,0.0);
INSERT INTO PRODUTOS VALUES(7,'Batata Doce',104,50,0.0);
INSERT INTO PRODUTOS VALUES(8,'Brócolis',104,50,0.0);
INSERT INTO PRODUTOS VALUES(9,'Repolho',104,50,0.0);
INSERT INTO PRODUTOS VALUES(10,'Couve Flor',104,50,0.0);
INSERT INTO PRODUTOS VALUES(11,'Manga',104,50,0.0);
INSERT INTO PRODUTOS VALUES(12,'Tomate',104,50,0.0);
INSERT INTO PRODUTOS VALUES(13,'Cenoura',104,50,0.0);
INSERT INTO PRODUTOS VALUES(14,'Rabanete',104,50,0.0);
INSERT INTO PRODUTOS VALUES(15,'Batata Salsa',104,50,0.0);
INSERT INTO PRODUTOS VALUES(16,'Cebolinha',104,50,0.0);
INSERT INTO PRODUTOS VALUES(17,'Salsinha',104,50,0.0);
INSERT INTO PRODUTOS VALUES(18,'Agrião',104,50,0.0);
INSERT INTO PRODUTOS VALUES(19,'Rúcula',104,50,0.0);
INSERT INTO PRODUTOS VALUES(20,'Alface Americana',104,50,0.0);
INSERT INTO PRODUTOS VALUES(21,'Beterraba',104,50,0.0);
INSERT INTO PRODUTOS VALUES(22,'Beringela',104,50,0.0);
INSERT INTO PRODUTOS VALUES(23,'Abacaxi',104,50,0.0);
INSERT INTO PRODUTOS VALUES(24,'Cará',104,50,0.0);
INSERT INTO PRODUTOS VALUES(25,'Taiá',104,50,0.0);
INSERT INTO PRODUTOS VALUES(26,'Aipim',104,50,0.0);
INSERT INTO PRODUTOS VALUES(27,'Tangerina',104,50,0.0);
INSERT INTO PRODUTOS VALUES(28,'Caqui',104,50,0.0);
INSERT INTO PRODUTOS VALUES(29,'Perâ',104,50,0.0);
INSERT INTO PRODUTOS VALUES(30,'Abacate',104,50,0.0);
INSERT INTO PRODUTOS VALUES(31,'Morango',104,50,0.0);
INSERT INTO PRODUTOS VALUES(32,'Biscoito',103,50,0.0);
INSERT INTO PRODUTOS VALUES(33,'Bolacha',103,50,0.0);
INSERT INTO PRODUTOS VALUES(34,'Chocolate Preto',103,50,0.0);
INSERT INTO PRODUTOS VALUES(35,'Chocolate Branco',103,50,0.0);
INSERT INTO PRODUTOS VALUES(36,'Bala de Iogurte',103,50,0.0);
INSERT INTO PRODUTOS VALUES(37,'Caixa De Bombom',103,50,0.0);
INSERT INTO PRODUTOS VALUES(38,'Doce de Leite',103,50,0.0);
INSERT INTO PRODUTOS VALUES(39,'Paçoca',103,50,0.0);
INSERT INTO PRODUTOS VALUES(40,'Cocada',103,50,0.0);
INSERT INTO PRODUTOS VALUES(41,'Goiabada ',103,50,0.0);
INSERT INTO PRODUTOS VALUES(42,'Trufas',103,50,0.0);
INSERT INTO PRODUTOS VALUES(43,'Maria mole',103,50,0.0);
INSERT INTO PRODUTOS VALUES(44,'Chiclete',103,50,0.0);
INSERT INTO PRODUTOS VALUES(45,'Leite Condensado',103,50,0.0);
INSERT INTO PRODUTOS VALUES(46,'Pirulito',103,50,0.0);
INSERT INTO PRODUTOS VALUES(47,'Kit Kat',103,50,0.0);
INSERT INTO PRODUTOS VALUES(48,'Nescau',103,50,0.0);
INSERT INTO PRODUTOS VALUES(49,'Bala Fini',103,50,0.0);
INSERT INTO PRODUTOS VALUES(50,'Nutella',103,50,0.0);
INSERT INTO PRODUTOS VALUES(51,'Tic Tac',103,50,0.0);
INSERT INTO PRODUTOS VALUES(52,'Mentos',103,50,0.0);
INSERT INTO PRODUTOS VALUES(53,'Azedinho',103,50,0.0);
INSERT INTO PRODUTOS VALUES(54,'Trento',103,50,0.0);
INSERT INTO PRODUTOS VALUES(55,'Barrinha',103,50,0.0);
INSERT INTO PRODUTOS VALUES(56,'Bolinho',103,50,0.0);
INSERT INTO PRODUTOS VALUES(57,'Amendoim',103,50,0.0);
INSERT INTO PRODUTOS VALUES(58,'Halls',103,50,0.0);
INSERT INTO PRODUTOS VALUES(59,'Pipoca Doce',103,50,0.0);
INSERT INTO PRODUTOS VALUES(60,'Kinder Ovo',103,50,0.0);
INSERT INTO PRODUTOS VALUES(61,'Gelatina',103,50,0.0);
INSERT INTO PRODUTOS VALUES(62,'Marshmallow',103,50,0.0);
INSERT INTO PRODUTOS VALUES(63,'Água',102,50,0.0);
INSERT INTO PRODUTOS VALUES(64,'Cerveja',102,50,0.0);
INSERT INTO PRODUTOS VALUES(65,'Refrigerante',102,50,0.0);
INSERT INTO PRODUTOS VALUES(66,'Suco',102,50,0.0);
INSERT INTO PRODUTOS VALUES(67,'Leite',102,50,0.0);
INSERT INTO PRODUTOS VALUES(68,'Achocolatado',102,50,0.0);
INSERT INTO PRODUTOS VALUES(69,'Vinho Branco',102,50,0.0);
INSERT INTO PRODUTOS VALUES(70,'Vinho tinto',102,50,0.0);
INSERT INTO PRODUTOS VALUES(71,'Vodka',102,50,0.0);
INSERT INTO PRODUTOS VALUES(72,'Gim',102,50,0.0);
INSERT INTO PRODUTOS VALUES(73,'Rum',102,50,0.0);
INSERT INTO PRODUTOS VALUES(74,'Wisky',102,50,0.0);
INSERT INTO PRODUTOS VALUES(75,'Licor',102,50,0.0);
INSERT INTO PRODUTOS VALUES(76,'Curaçau',102,50,0.0);
INSERT INTO PRODUTOS VALUES(77,'Chá',102,50,0.0);
INSERT INTO PRODUTOS VALUES(78,'Soju',102,50,0.0);
INSERT INTO PRODUTOS VALUES(79,'Saquê',102,50,0.0);
INSERT INTO PRODUTOS VALUES(80,'Cachaça',102,50,0.0);
INSERT INTO PRODUTOS VALUES(81,'Tequila',102,50,0.0);
INSERT INTO PRODUTOS VALUES(82,'Conhaque',102,50,0.0);
INSERT INTO PRODUTOS VALUES(83,'Champanhe',102,50,0.0);
INSERT INTO PRODUTOS VALUES(84,'Absinto',102,50,0.0);
INSERT INTO PRODUTOS VALUES(85,'Amarula',102,50,0.0);
INSERT INTO PRODUTOS VALUES(86,'Limoncello',102,50,0.0);
INSERT INTO PRODUTOS VALUES(87,'Pisco',102,50,0.0);
INSERT INTO PRODUTOS VALUES(88,'Energético',102,50,0.0);
INSERT INTO PRODUTOS VALUES(89,'Água de Coco',102,50,0.0);
INSERT INTO PRODUTOS VALUES(90,'Água Tônica',102,50,0.0);
INSERT INTO PRODUTOS VALUES(91,'Isotônico',102,50,0.0);
INSERT INTO PRODUTOS VALUES(92,'Vinho Bordô',102,50,0.0);
INSERT INTO PRODUTOS VALUES(93,'Água Com gás',102,50,0.0);
INSERT INTO PRODUTOS VALUES(94,'Papel Higienico',101,50,0.0);
INSERT INTO PRODUTOS VALUES(95,'Lenço umidecido',101,50,0.0);
INSERT INTO PRODUTOS VALUES(96,'Creme dental',101,50,0.0);
INSERT INTO PRODUTOS VALUES(97,'Escova dental',101,50,0.0);
INSERT INTO PRODUTOS VALUES(98,'Fio dental',101,50,0.0);
INSERT INTO PRODUTOS VALUES(99,'Shampoo',101,50,0.0);
INSERT INTO PRODUTOS VALUES(100,'Sabonete',101,50,0.0);
INSERT INTO PRODUTOS VALUES(101,'Condicionador',101,50,0.0);
INSERT INTO PRODUTOS VALUES(102,'Desodorante',101,50,0.0);
INSERT INTO PRODUTOS VALUES(103,'Fraldas',101,50,0.0);
INSERT INTO PRODUTOS VALUES(104,'Cortador de unhas',101,50,0.0);
INSERT INTO PRODUTOS VALUES(105,'Lixa de unhas',101,50,0.0);
INSERT INTO PRODUTOS VALUES(106,'Creme de pentear',101,50,0.0);
INSERT INTO PRODUTOS VALUES(107,'Cotonete',101,50,0.0);
INSERT INTO PRODUTOS VALUES(108,'Creme hidratante',101,50,0.0);
INSERT INTO PRODUTOS VALUES(109,'Pente',101,50,0.0);
INSERT INTO PRODUTOS VALUES(110,'Escova Cabelos',101,50,0.0);
INSERT INTO PRODUTOS VALUES(111,'Máscara',101,50,0.0);
INSERT INTO PRODUTOS VALUES(112,'Enxaguante Bucal',101,50,0.0);
INSERT INTO PRODUTOS VALUES(113,'Protetor Solar',101,50,0.0);
INSERT INTO PRODUTOS VALUES(114,'Lamina de Barbear',101,50,0.0);
INSERT INTO PRODUTOS VALUES(115,'Espuma de Barbear',101,50,0.0);
INSERT INTO PRODUTOS VALUES(116,'Creme de Barbear',101,50,0.0);
INSERT INTO PRODUTOS VALUES(117,'Talco',101,50,0.0);
INSERT INTO PRODUTOS VALUES(118,'Algodão',101,50,0.0);
INSERT INTO PRODUTOS VALUES(119,'Água Sanitária',107,50,0.0);
INSERT INTO PRODUTOS VALUES(120,'Desinfetante',107,50,0.0);
INSERT INTO PRODUTOS VALUES(121,'Sabão em Pedra',107,50,0.0);
INSERT INTO PRODUTOS VALUES(122,'Sabão em Pó',107,50,0.0);
INSERT INTO PRODUTOS VALUES(123,'Álcool em Gel',107,50,0.0);
INSERT INTO PRODUTOS VALUES(124,'Limpa Vidros',107,50,0.0);
INSERT INTO PRODUTOS VALUES(125,'Luvas de Borracha',107,50,0.0);
INSERT INTO PRODUTOS VALUES(126,'Escova',107,50,0.0);
INSERT INTO PRODUTOS VALUES(127,'Bombril',107,50,0.0);
INSERT INTO PRODUTOS VALUES(128,'Detergente',107,50,0.0);
INSERT INTO PRODUTOS VALUES(129,'Balde',107,50,0.0);
INSERT INTO PRODUTOS VALUES(130,'Esponja',107,50,0.0);
INSERT INTO PRODUTOS VALUES(131,'Desengordurante',107,50,0.0);
INSERT INTO PRODUTOS VALUES(132,'Pano Multiuso',107,50,0.0);
INSERT INTO PRODUTOS VALUES(133,'Lustra Móveis',107,50,0.0);
INSERT INTO PRODUTOS VALUES(134,'Esfregão',107,50,0.0);
INSERT INTO PRODUTOS VALUES(135,'Vassoura',107,50,0.0);
INSERT INTO PRODUTOS VALUES(136,'Rodo',107,50,0.0);
INSERT INTO PRODUTOS VALUES(137,'Palha de Aço',107,50,0.0);
INSERT INTO PRODUTOS VALUES(138,'Sacos de Lixo',107,50,0.0);
INSERT INTO PRODUTOS VALUES(139,'Tira-Manchas',107,50,0.0);
INSERT INTO PRODUTOS VALUES(140,'Cera',107,50,0.0);
INSERT INTO PRODUTOS VALUES(141,'Botas de Borracha',107,50,0.0);
INSERT INTO PRODUTOS VALUES(142,'Amaciante',107,50,0.0);
INSERT INTO PRODUTOS VALUES(143,'Desentupidor',107,50,0.0);
INSERT INTO PRODUTOS VALUES(144,'Escovão',107,50,0.0);
INSERT INTO PRODUTOS VALUES(145,'Inseticida',107,50,0.0);
INSERT INTO PRODUTOS VALUES(146,'Mop',107,50,0.0);
INSERT INTO PRODUTOS VALUES(147,'Limpa Forno',107,50,0.0);
INSERT INTO PRODUTOS VALUES(148,'Odorizador de Ambientes',107,50,0.0);
INSERT INTO PRODUTOS VALUES(149,'Pá para Lixo',107,50,0.0);
INSERT INTO PRODUTOS VALUES(150,'Feijão',108,50,0.0);
INSERT INTO PRODUTOS VALUES(151,'Trigo',108,50,0.0);
INSERT INTO PRODUTOS VALUES(152,'Arroz',108,50,0.0);
INSERT INTO PRODUTOS VALUES(153,'Farinha de milho',108,50,0.0);
INSERT INTO PRODUTOS VALUES(154,'Farinha de trigo',108,50,0.0);
INSERT INTO PRODUTOS VALUES(155,'Fermento',108,50,0.0);
INSERT INTO PRODUTOS VALUES(156,'Macarrão espaguete',108,50,0.0);
INSERT INTO PRODUTOS VALUES(157,'Farinha de mandioca',108,50,0.0);
INSERT INTO PRODUTOS VALUES(158,'Óleo',108,50,0.0);
INSERT INTO PRODUTOS VALUES(159,'Azeite',108,50,0.0);
INSERT INTO PRODUTOS VALUES(160,'Sal',108,50,0.0);
INSERT INTO PRODUTOS VALUES(161,'Açucar',108,50,0.0);
INSERT INTO PRODUTOS VALUES(162,'Molho de tomate',108,50,0.0);
INSERT INTO PRODUTOS VALUES(163,'Pão de forma',108,50,0.0);
INSERT INTO PRODUTOS VALUES(164,'Manteiga',108,50,0.0);
INSERT INTO PRODUTOS VALUES(165,'Farinha de tapioca',108,50,0.0);
INSERT INTO PRODUTOS VALUES(166,'Aveia',108,50,0.0);
INSERT INTO PRODUTOS VALUES(167,'Caixa de ovos',108,50,0.0);
INSERT INTO PRODUTOS VALUES(168,'Temperos',108,50,0.0);
INSERT INTO PRODUTOS VALUES(169,'Leite em pó',108,50,0.0);
INSERT INTO PRODUTOS VALUES(170,'Macarrão parafuso',108,50,0.0);
INSERT INTO PRODUTOS VALUES(171,'Fubá',108,50,0.0);
INSERT INTO PRODUTOS VALUES(172,'Mistura para bolo',108,50,0.0);
INSERT INTO PRODUTOS VALUES(173,'Cupim ',105,50,0.0);
INSERT INTO PRODUTOS VALUES(174,'Picanha ',105,50,0.0);
INSERT INTO PRODUTOS VALUES(175,'Fraldinha',105,50,0.0);
INSERT INTO PRODUTOS VALUES(176,'Tatu',105,50,0.0);
INSERT INTO PRODUTOS VALUES(177,'Bananinha',105,50,0.0);
INSERT INTO PRODUTOS VALUES(178,'Figado',105,50,0.0);
INSERT INTO PRODUTOS VALUES(179,'Filé Sete',105,50,0.0);
INSERT INTO PRODUTOS VALUES(180,'Filé Simples',105,50,0.0);
INSERT INTO PRODUTOS VALUES(181,'Filé Duplo',105,50,0.0);
INSERT INTO PRODUTOS VALUES(182,'Filé Americano',105,50,0.0);
INSERT INTO PRODUTOS VALUES(183,'Alcatra',105,50,0.0);
INSERT INTO PRODUTOS VALUES(184,'Linguiça mista',105,50,0.0);
INSERT INTO PRODUTOS VALUES(185,'Costela ',105,50,0.0);
INSERT INTO PRODUTOS VALUES(186,'Filé Mignon',105,50,0.0);
INSERT INTO PRODUTOS VALUES(187,'Minga',105,50,0.0);
INSERT INTO PRODUTOS VALUES(188,'Acém',105,50,0.0);
INSERT INTO PRODUTOS VALUES(189,'Fraldinha',105,50,0.0);
INSERT INTO PRODUTOS VALUES(190,'Mortadela',106,50,0.0);
INSERT INTO PRODUTOS VALUES(191,'Presunto ',106,50,0.0);
INSERT INTO PRODUTOS VALUES(192,'Salame',106,50,0.0);
INSERT INTO PRODUTOS VALUES(193,'Peito de peru',106,50,0.0);
INSERT INTO PRODUTOS VALUES(194,'Lombo',106,50,0.0);
INSERT INTO PRODUTOS VALUES(195,'Rosbife',106,50,0.0);
INSERT INTO PRODUTOS VALUES(196,'Parma',106,50,0.0);
INSERT INTO PRODUTOS VALUES(197,'Linguiça',106,50,0.0);
INSERT INTO PRODUTOS VALUES(198,'Kafta',106,50,0.0);
INSERT INTO PRODUTOS VALUES(199,'Mussarela',106,50,0.0);
INSERT INTO PRODUTOS VALUES(200,'Parmesão',106,50,0.0);
INSERT INTO PRODUTOS VALUES(201,'Gorgonzola',106,50,0.0);
INSERT INTO PRODUTOS VALUES(202,'Brie',106,50,0.0);
INSERT INTO PRODUTOS VALUES(203,'Cheddar',106,50,0.0);
INSERT INTO PRODUTOS VALUES(204,'Gouda',106,50,0.0);
INSERT INTO PRODUTOS VALUES(205,'Provolone',106,50,0.0);
INSERT INTO PRODUTOS VALUES(206,'Prato',106,50,0.0);
INSERT INTO PRODUTOS VALUES(207,'Pernil de porco',109,50,0.0);
INSERT INTO PRODUTOS VALUES(208,'Costelinha de porco',109,50,0.0);
INSERT INTO PRODUTOS VALUES(209,'Picanha suína',109,50,0.0);
INSERT INTO PRODUTOS VALUES(210,'Lombo Suíno',109,50,0.0);
INSERT INTO PRODUTOS VALUES(211,'Linguiça',109,50,0.0);
INSERT INTO PRODUTOS VALUES(212,'Linguiça de Frango',110,50,0.0);
INSERT INTO PRODUTOS VALUES(213,'Peito de Frango',110,50,0.0);
INSERT INTO PRODUTOS VALUES(214,'Filé de Frango',110,50,0.0);
INSERT INTO PRODUTOS VALUES(215,'Coxinha da Asa',110,50,0.0);
INSERT INTO PRODUTOS VALUES(216,'Sobrecoxa de frango',110,50,0.0);
INSERT INTO PRODUTOS VALUES(217,'Moela de frango',110,50,0.0);
INSERT INTO PRODUTOS VALUES(218,'Frango Inteiro',110,50,0.0);
INSERT INTO PRODUTOS VALUES(219,'Coxa de frango',110,50,0.0);
INSERT INTO PRODUTOS VALUES(220,'Coração de galinha',110,50,0.0);
CREATE TABLE NOTAS (
	NOTA_ID INTEGER NOT NULL PRIMARY KEY AUTOINCREMENT,
	NOTA_DATA_DE_EMISSAO TEXT NOT NULL,
	NOTA_CLIENTE INTEGER NOT NULL,
	NOTA_ATENDENTE INTEGER NOT NULL,
	CONSTRAINT NOTAS_FK FOREIGN KEY (NOTA_CLIENTE) REFERENCES CLIENTES(CLIENTE_CODIGO) ON DELETE RESTRICT,
	CONSTRAINT NOTAS_FK_1 FOREIGN KEY (NOTA_ATENDENTE) REFERENCES ATENDENTES(ATENDENTE_CODIGO) ON DELETE RESTRICT
);
INSERT INTO NOTAS VALUES(1000,'14/07/2022',1,1);
INSERT INTO NOTAS VALUES(1001,'15/07/2022',2,2);
INSERT INTO NOTAS VALUES(1002,'16/07/2022',3,3);
INSERT INTO NOTAS VALUES(1003,'17/07/2022',4,4);
INSERT INTO NOTAS VALUES(1004,'18/07/2022',5,5);
INSERT INTO NOTAS VALUES(1005,'19/07/2022',6,6);
INSERT INTO NOTAS VALUES(1006,'20/07/2022',7,7);
INSERT INTO NOTAS VALUES(1007,'21/07/2022',8,8);
INSERT INTO NOTAS VALUES(1008,'22/07/2022',9,9);
INSERT INTO NOTAS VALUES(1009,'23/07/2022',10,10);
INSERT INTO NOTAS VALUES(1010,'24/07/2022',11,1);
INSERT INTO NOTAS VALUES(1011,'25/07/2022',12,2);
INSERT INTO NOTAS VALUES(1012,'26/07/2022',13,3);
INSERT INTO NOTAS VALUES(1013,'27/07/2022',14,4);
INSERT INTO NOTAS VALUES(1014,'28/07/2022',15,5);
INSERT INTO NOTAS VALUES(1015,'29/07/2022',16,6);
INSERT INTO NOTAS VALUES(1016,'30/07/2022',17,7);
INSERT INTO NOTAS VALUES(1017,'31/07/2022',18,8);
INSERT INTO NOTAS VALUES(1018,'01/08/2022',19,9);
INSERT INTO NOTAS VALUES(1019,'02/08/2022',20,10);
INSERT INTO NOTAS VALUES(1020,'03/08/2022',21,1);
INSERT INTO NOTAS VALUES(1021,'04/08/2022',22,2);
INSERT INTO NOTAS VALUES(1022,'05/08/2022',23,3);
INSERT INTO NOTAS VALUES(1023,'06/08/2022',24,4);
INSERT INTO NOTAS VALUES(1024,'07/08/2022',25,5);
INSERT INTO NOTAS VALUES(1025,'08/08/2022',26,6);
INSERT INTO NOTAS VALUES(1026,'09/08/2022',27,7);
INSERT INTO NOTAS VALUES(1027,'10/08/2022',28,8);
INSERT INTO NOTAS VALUES(1028,'11/08/2022',29,9);
INSERT INTO NOTAS VALUES(1029,'12/08/2022',30,10);
CREATE TABLE CLIENTES (
	CLIENTE_CODIGO INTEGER PRIMARY KEY AUTOINCREMENT,
	CLIENTE_NOME TEXT NOT NULL,
	CLIENTE_TELEFONE INTEGER NOT NULL,
	CLIENTE_CPF INTEGER NOT NULL,
	CLIENTE_TOTAL_COMPRAS INTEGER NOT NULL,
	CLIENTE_CIDADE_ID INTEGER ,
	CONSTRAINT CLIENTES_FK FOREIGN KEY (CLIENTE_CIDADE_ID) REFERENCES CIDADES(CIDADE_ID) ON DELETE RESTRICT
);
INSERT INTO CLIENTES VALUES(1,'MARIA DA SILVA',4798765432,'123.456.789-11',0,NULL);
INSERT INTO CLIENTES VALUES(2,'MARIA DOS SANTOS',4612345678,'123.456.789-12',0,NULL);
INSERT INTO CLIENTES VALUES(3,'MARIA APARECIDA',4425925924,'123.456.789-13',0,NULL);
INSERT INTO CLIENTES VALUES(4,'MARIA DE LOURDES',4239506170,'123.456.789-14',0,NULL);
INSERT INTO CLIENTES VALUES(5,'MARIA DE FATIMA',4053086416,'123.456.789-15',0,NULL);
INSERT INTO CLIENTES VALUES(6,'JOAO DA SILVA',3866666662,'123.456.789-16',0,NULL);
INSERT INTO CLIENTES VALUES(7,'JOAO DOS SANTOS',3680246908,'123.456.789-17',0,NULL);
INSERT INTO CLIENTES VALUES(8,'JOAO DE LIMA',3493827154,'123.456.789-18',0,NULL);
INSERT INTO CLIENTES VALUES(9,'ALFREDO DA SILVA',3307407400,'123.456.789-19',0,NULL);
INSERT INTO CLIENTES VALUES(10,'TOMAZ AQUINO',3120987646,'123.456.789-20',0,NULL);
INSERT INTO CLIENTES VALUES(11,'ARMANDO NADA',2934567892,'123.456.789-21',0,NULL);
INSERT INTO CLIENTES VALUES(12,'JOSE COSTA',2748148138,'123.456.789-22',0,NULL);
INSERT INTO CLIENTES VALUES(13,'ANTONIO QUADROS',2561728384,'123.456.789-23',0,NULL);
INSERT INTO CLIENTES VALUES(14,'JOSE CARLOS',2375308630,'123.456.789-24',0,NULL);
INSERT INTO CLIENTES VALUES(15,'APARECIDA LENDO',2188888876,'123.456.789-25',0,NULL);
INSERT INTO CLIENTES VALUES(16,'MARCOS JOSE',2002469122,'123.456.789-26',0,NULL);
INSERT INTO CLIENTES VALUES(17,'FERNANDA SILVEIRA',1816049368,'123.456.789-27',0,NULL);
INSERT INTO CLIENTES VALUES(18,'VITORIA SOUZA',1629629614,'123.456.789-28',0,NULL);
INSERT INTO CLIENTES VALUES(19,'ELBA ROCHA',1443209860,'123.456.789-29',0,NULL);
INSERT INTO CLIENTES VALUES(20,'NADIA RODRIGUES',1256790106,'123.456.789-30',0,NULL);
INSERT INTO CLIENTES VALUES(21,'ANTONIO ROCHA',1070370352,'123.456.789-31',0,NULL);
INSERT INTO CLIENTES VALUES(22,'ANA SOUZA',1325467985,'123.456.789-32',0,NULL);
INSERT INTO CLIENTES VALUES(23,'DANIELA FARIA',1580565618,'123.456.789-33',0,NULL);
INSERT INTO CLIENTES VALUES(24,'LIZA REIS',1835663251,'123.456.789-34',0,NULL);
INSERT INTO CLIENTES VALUES(25,'CLEBER NUNES',2090760884,'123.456.789-35',0,NULL);
INSERT INTO CLIENTES VALUES(26,'MARIANA PEREIRA',2345858517,'123.456.789-36',0,NULL);
INSERT INTO CLIENTES VALUES(27,'NATALIA LOBO',2600956150,'123.456.789-37',0,NULL);
INSERT INTO CLIENTES VALUES(28,'BARBARA SOUZA',2856053783,'123.456.789-38',0,NULL);
INSERT INTO CLIENTES VALUES(29,'VERONICA ARAUJO',3111151416,'123.456.789-39',0,NULL);
INSERT INTO CLIENTES VALUES(30,'CAMILA RISO',3366249049,'123.456.789-40',0,NULL);
INSERT INTO CLIENTES VALUES(31,'LAURA ROSA',3621346682,'123.456.789-41',0,NULL);
INSERT INTO CLIENTES VALUES(32,'JOSI TRINDADE',3876444315,'123.456.789-42',0,NULL);
INSERT INTO CLIENTES VALUES(33,'KARINE COSTA',4131541948,'123.456.789-43',0,NULL);
INSERT INTO CLIENTES VALUES(34,'MELISSA ALMEIDA',4386639581,'123.456.789-44',0,NULL);
INSERT INTO CLIENTES VALUES(35,'FELIPE NERO',4641737214,'123.456.789-45',0,NULL);
INSERT INTO CLIENTES VALUES(36,'KAUA PEREIRA',4896834847,'123.456.789-46',0,NULL);
INSERT INTO CLIENTES VALUES(37,'CAMILA CAMPOS',5151932480,'123.456.789-47',0,NULL);
INSERT INTO CLIENTES VALUES(38,'LUCAS ARAUJO',5407030113,'123.456.789-48',0,NULL);
INSERT INTO CLIENTES VALUES(39,'BEATRIZ RAMOS',5662127746,'123.456.789-49',0,NULL);
INSERT INTO CLIENTES VALUES(40,'NEYMAR JUSTO',5917225379,'123.456.789-50',0,NULL);
INSERT INTO CLIENTES VALUES(41,'BRUNO ARAUJO',6172323012,'123.456.789-51',0,NULL);
INSERT INTO CLIENTES VALUES(42,'SARA BATISTA',6427420645,'123.456.789-52',0,NULL);
INSERT INTO CLIENTES VALUES(43,'HELEN CARVALHO',6682518278,'123.456.789-53',0,NULL);
INSERT INTO CLIENTES VALUES(44,'RENATO SOBRAL',6937615911,'123.456.789-54',0,NULL);
INSERT INTO CLIENTES VALUES(45,'OLIMPO MACHADO',7192713544,'123.456.789-55',0,NULL);
INSERT INTO CLIENTES VALUES(46,'MICHELE BRAGA',7447811177,'123.456.789-56',0,NULL);
INSERT INTO CLIENTES VALUES(47,'MARILDA CAVALCANTI',7702908810,'123.456.789-57',0,NULL);
INSERT INTO CLIENTES VALUES(48,'CARLOS LIMA',7958006443,'123.456.789-58',0,NULL);
INSERT INTO CLIENTES VALUES(49,'BABI PIRES',8213104076,'123.456.789-59',0,NULL);
INSERT INTO CLIENTES VALUES(50,'SABRINE SOUZA',8468201709,'123.456.789-60',0,NULL);
INSERT INTO CLIENTES VALUES(51,'EDUARDO SANTOS',8723299342,'123.456.789-61',0,NULL);
INSERT INTO CLIENTES VALUES(52,'LUIZ CARVALHO',8978396975,'123.456.789-62',0,NULL);
INSERT INTO CLIENTES VALUES(53,'HENRY CAVALCANTI',9233494608,'123.456.789-63',0,NULL);
INSERT INTO CLIENTES VALUES(54,'JANAINA OLIVEIRA',9488592241,'123.456.789-64',0,NULL);
INSERT INTO CLIENTES VALUES(55,'VITORIA LUIZA',9743689874,'123.456.789-65',0,NULL);
INSERT INTO CLIENTES VALUES(56,'ANDRESSA CORREA',9998787507,'123.456.789-66',0,NULL);
INSERT INTO CLIENTES VALUES(57,'SAMANTA GUZZI',1234567744,'123.456.789-67',0,NULL);
INSERT INTO CLIENTES VALUES(58,'GIOVANI COELHO',1234567743,'123.456.789-68',0,NULL);
INSERT INTO CLIENTES VALUES(59,'HELOISA COUTINHO',1234567742,'123.456.789-69',0,NULL);
INSERT INTO CLIENTES VALUES(60,'BIANCO MENDES',1234567741,'123.456.789-70',0,NULL);
INSERT INTO CLIENTES VALUES(61,'RENATA LOPES',1234567740,'123.456.789-71',0,NULL);
INSERT INTO CLIENTES VALUES(62,'LARA AGUIAR',1234567739,'123.456.789-72',0,NULL);
INSERT INTO CLIENTES VALUES(63,'DANI ZEN',1234567738,'123.456.789-73',0,NULL);
INSERT INTO CLIENTES VALUES(64,'TAYSA MENDES',1234567737,'123.456.789-74',0,NULL);
INSERT INTO CLIENTES VALUES(65,'HARIANE CARVALHO',1234567736,'123.456.789-75',0,NULL);
INSERT INTO CLIENTES VALUES(66,'ALVARO GUIMARAES',1234567735,'123.456.789-76',0,NULL);
INSERT INTO CLIENTES VALUES(67,'CAROL FONSECA',1234567734,'123.456.789-77',0,NULL);
INSERT INTO CLIENTES VALUES(68,'ANA MILLER',1234567733,'123.456.789-78',0,NULL);
INSERT INTO CLIENTES VALUES(69,'LUIZA FRATES',1234567732,'123.456.789-79',0,NULL);
INSERT INTO CLIENTES VALUES(70,'RENAN MACEDO',1234567731,'123.456.789-80',0,NULL);
INSERT INTO CLIENTES VALUES(71,'RAFAEL SANTOS',1234567730,'123.456.789-81',0,NULL);
INSERT INTO CLIENTES VALUES(72,'MILENA PEREIRA',1234567729,'123.456.789-82',0,NULL);
INSERT INTO CLIENTES VALUES(73,'MAYARA IMPALA',1234567728,'123.456.789-83',0,NULL);
INSERT INTO CLIENTES VALUES(74,'JOANA ROSA',1234567727,'123.456.789-84',0,NULL);
INSERT INTO CLIENTES VALUES(75,'JESSICA ALMEIDA',1234567726,'123.456.789-85',0,NULL);
INSERT INTO CLIENTES VALUES(76,'ANA JULIA',1234567725,'123.456.789-86',0,NULL);
INSERT INTO CLIENTES VALUES(77,'LIZA MATA',1234567724,'123.456.789-87',0,NULL);
INSERT INTO CLIENTES VALUES(78,'GABI SANTANA',1234567723,'123.456.789-88',0,NULL);
INSERT INTO CLIENTES VALUES(79,'CARLA ZANIN',1234567722,'123.456.789-89',0,NULL);
INSERT INTO CLIENTES VALUES(80,'PAMELA NUNES',1234567721,'123.456.789-90',0,NULL);
INSERT INTO CLIENTES VALUES(81,'JOSEANE MENDONÇA',1234567720,'123.456.789-91',0,NULL);
INSERT INTO CLIENTES VALUES(82,'DANIEL MONTES',1234567719,'123.456.789-92',0,NULL);
INSERT INTO CLIENTES VALUES(83,'ANDREA RIBEIRO',1234567718,'123.456.789-93',0,NULL);
INSERT INTO CLIENTES VALUES(84,'MARIA JULIA',1234567717,'123.456.789-94',0,NULL);
INSERT INTO CLIENTES VALUES(85,'JOAO BRUCE',1234567716,'123.456.789-95',0,NULL);
INSERT INTO CLIENTES VALUES(86,'GABRIELA SANTINI',1234567715,'123.456.789-96',0,NULL);
INSERT INTO CLIENTES VALUES(87,'GREICE KELLY',1234567714,'123.456.789-97',0,NULL);
INSERT INTO CLIENTES VALUES(88,'AMANDA NASCIMENTO',1234567713,'123.456.789-98',0,NULL);
INSERT INTO CLIENTES VALUES(89,'LIDIANE SILVA',1234567712,'123.456.789-99',0,NULL);
INSERT INTO CLIENTES VALUES(90,'LUAN GRACHA',1234567711,'123.456.789-10',0,NULL);
INSERT INTO CLIENTES VALUES(91,'BRUNA KOBAL',1234567710,'123.456.789-09',0,NULL);
INSERT INTO CLIENTES VALUES(92,'ISABELA SANTOS',1234567709,'123.456.789-08',0,NULL);
INSERT INTO CLIENTES VALUES(93,'KELLY MELO',1234567708,'123.456.789-07',0,NULL);
INSERT INTO CLIENTES VALUES(94,'LUIZA CARVALHO',1234567707,'123.456.789-06',0,NULL);
INSERT INTO CLIENTES VALUES(95,'NANCY WOLF',1234567706,'123.456.789-05',0,NULL);
INSERT INTO CLIENTES VALUES(96,'EDNALDO DIAS',1234567705,'123.456.789-04',0,NULL);
INSERT INTO CLIENTES VALUES(97,'NICOLE SOUZA',1234567704,'123.456.789-03',0,NULL);
INSERT INTO CLIENTES VALUES(98,'YAGO MELO',1234567703,'123.456.789-02',0,NULL);
INSERT INTO CLIENTES VALUES(99,'MARGARETE PRESTES',1234567702,'123.456.789-01',0,NULL);
INSERT INTO CLIENTES VALUES(100,'GUSTAVO SANTANA',1234567701,'123.456.789-00',0,NULL);
INSERT INTO CLIENTES VALUES(101,'ALÍCIA CUNHA',1234567700,'123.456.788-00',0,NULL);
CREATE TABLE ITENS_CUPOM_FISCAL (
	ITEN_CUPOM_FISCAL_CODIGO INTEGER PRIMARY KEY AUTOINCREMENT,
	ITEN_CUPOM_FISCAL_NUMERO INTEGER,
	ITEN_CUPOM_FISCAL_SEQUENCIA INTEGER NOT NULL,
	ITEN_CUPOM_FISCAL_PRODUTO INTEGER NOT NULL,
	ITEN_CUPOM_FISCAL_QUANTIDADE FLOAT NOT NULL,
	ITEN_CUPOM_FISCAL_VALOR_UN FLOAT DEFAULT '0' NOT NULL,
	ITEN_CUPOM_FISCAL_VALOR_TOT FLOAT DEFAULT '0' NOT NULL,
	CONSTRAINT ITENS_CUPOM_FISCAL_FK FOREIGN KEY (ITEN_CUPOM_FISCAL_NUMERO) REFERENCES NOTAS(NOTA_ID) ON DELETE RESTRICT,
	CONSTRAINT ITENS_CUPOM_FISCAL_FK_1 FOREIGN KEY (ITEN_CUPOM_FISCAL_PRODUTO) REFERENCES PRODUTOS(PRODUTO_CODIGO)
);
INSERT INTO ITENS_CUPOM_FISCAL VALUES(1,1000,1,1,1.0,0.0,0.0);
INSERT INTO ITENS_CUPOM_FISCAL VALUES(2,1000,2,9,1.0,0.0,0.0);
INSERT INTO ITENS_CUPOM_FISCAL VALUES(3,1000,3,6,1.0,0.0,0.0);
INSERT INTO ITENS_CUPOM_FISCAL VALUES(4,1000,4,7,1.0,0.0,0.0);
INSERT INTO ITENS_CUPOM_FISCAL VALUES(5,1000,5,5,1.0,0.0,0.0);
INSERT INTO ITENS_CUPOM_FISCAL VALUES(6,1000,6,3,1.0,0.0,0.0);
INSERT INTO ITENS_CUPOM_FISCAL VALUES(7,1000,7,8,1.0,0.0,0.0);
INSERT INTO ITENS_CUPOM_FISCAL VALUES(8,1000,8,13,1.0,0.0,0.0);
INSERT INTO ITENS_CUPOM_FISCAL VALUES(9,1000,9,58,1.0,0.0,0.0);
INSERT INTO ITENS_CUPOM_FISCAL VALUES(10,1000,10,200,1.0,0.0,0.0);
INSERT INTO ITENS_CUPOM_FISCAL VALUES(11,1000,11,152,1.0,0.0,0.0);
INSERT INTO ITENS_CUPOM_FISCAL VALUES(12,1000,12,147,1.0,0.0,0.0);
INSERT INTO ITENS_CUPOM_FISCAL VALUES(13,1000,13,145,1.0,0.0,0.0);
INSERT INTO ITENS_CUPOM_FISCAL VALUES(14,1000,14,123,1.0,0.0,0.0);
INSERT INTO ITENS_CUPOM_FISCAL VALUES(15,1000,15,85,1.0,0.0,0.0);
INSERT INTO ITENS_CUPOM_FISCAL VALUES(16,1000,16,52,1.0,0.0,0.0);
INSERT INTO ITENS_CUPOM_FISCAL VALUES(17,1000,17,96,1.0,0.0,0.0);
INSERT INTO ITENS_CUPOM_FISCAL VALUES(18,1000,18,69,1.0,0.0,0.0);
INSERT INTO ITENS_CUPOM_FISCAL VALUES(19,1000,19,58,1.0,0.0,0.0);
INSERT INTO ITENS_CUPOM_FISCAL VALUES(20,1000,20,32,1.0,0.0,0.0);
INSERT INTO ITENS_CUPOM_FISCAL VALUES(21,1000,21,56,1.0,0.0,0.0);
INSERT INTO ITENS_CUPOM_FISCAL VALUES(22,1000,22,58,1.0,0.0,0.0);
INSERT INTO ITENS_CUPOM_FISCAL VALUES(23,1000,23,52,1.0,0.0,0.0);
INSERT INTO ITENS_CUPOM_FISCAL VALUES(24,1000,24,47,1.0,0.0,0.0);
INSERT INTO ITENS_CUPOM_FISCAL VALUES(25,1000,25,81,1.0,0.0,0.0);
INSERT INTO ITENS_CUPOM_FISCAL VALUES(26,1000,26,91,1.0,0.0,0.0);
INSERT INTO ITENS_CUPOM_FISCAL VALUES(27,1000,27,90,1.0,0.0,0.0);
INSERT INTO ITENS_CUPOM_FISCAL VALUES(28,1000,28,182,1.0,0.0,0.0);
INSERT INTO ITENS_CUPOM_FISCAL VALUES(29,1000,29,39,1.0,0.0,0.0);
INSERT INTO ITENS_CUPOM_FISCAL VALUES(30,1000,30,20,1.0,0.0,0.0);
INSERT INTO ITENS_CUPOM_FISCAL VALUES(31,1001,1,125,1.0,0.0,0.0);
INSERT INTO ITENS_CUPOM_FISCAL VALUES(32,1001,2,142,1.0,0.0,0.0);
INSERT INTO ITENS_CUPOM_FISCAL VALUES(33,1001,3,123,1.0,0.0,0.0);
INSERT INTO ITENS_CUPOM_FISCAL VALUES(34,1001,4,145,1.0,0.0,0.0);
INSERT INTO ITENS_CUPOM_FISCAL VALUES(35,1001,5,124,1.0,0.0,0.0);
INSERT INTO ITENS_CUPOM_FISCAL VALUES(36,1001,6,125,1.0,0.0,0.0);
INSERT INTO ITENS_CUPOM_FISCAL VALUES(37,1001,7,126,1.0,0.0,0.0);
INSERT INTO ITENS_CUPOM_FISCAL VALUES(38,1001,8,178,1.0,0.0,0.0);
INSERT INTO ITENS_CUPOM_FISCAL VALUES(39,1001,9,179,1.0,0.0,0.0);
INSERT INTO ITENS_CUPOM_FISCAL VALUES(40,1001,10,198,1.0,0.0,0.0);
INSERT INTO ITENS_CUPOM_FISCAL VALUES(41,1001,11,174,1.0,0.0,0.0);
INSERT INTO ITENS_CUPOM_FISCAL VALUES(42,1001,12,148,1.0,0.0,0.0);
INSERT INTO ITENS_CUPOM_FISCAL VALUES(43,1001,13,132,1.0,0.0,0.0);
INSERT INTO ITENS_CUPOM_FISCAL VALUES(44,1001,14,165,1.0,0.0,0.0);
INSERT INTO ITENS_CUPOM_FISCAL VALUES(45,1001,15,162,1.0,0.0,0.0);
INSERT INTO ITENS_CUPOM_FISCAL VALUES(46,1001,16,154,1.0,0.0,0.0);
INSERT INTO ITENS_CUPOM_FISCAL VALUES(47,1001,17,200,1.0,0.0,0.0);
INSERT INTO ITENS_CUPOM_FISCAL VALUES(48,1001,18,201,1.0,0.0,0.0);
INSERT INTO ITENS_CUPOM_FISCAL VALUES(49,1001,19,202,1.0,0.0,0.0);
INSERT INTO ITENS_CUPOM_FISCAL VALUES(50,1001,20,203,1.0,0.0,0.0);
INSERT INTO ITENS_CUPOM_FISCAL VALUES(51,1001,21,204,1.0,0.0,0.0);
INSERT INTO ITENS_CUPOM_FISCAL VALUES(52,1001,22,198,1.0,0.0,0.0);
INSERT INTO ITENS_CUPOM_FISCAL VALUES(53,1001,23,197,1.0,0.0,0.0);
INSERT INTO ITENS_CUPOM_FISCAL VALUES(54,1001,24,174,1.0,0.0,0.0);
INSERT INTO ITENS_CUPOM_FISCAL VALUES(55,1001,25,175,1.0,0.0,0.0);
INSERT INTO ITENS_CUPOM_FISCAL VALUES(56,1001,26,168,1.0,0.0,0.0);
INSERT INTO ITENS_CUPOM_FISCAL VALUES(57,1001,27,15,1.0,0.0,0.0);
INSERT INTO ITENS_CUPOM_FISCAL VALUES(58,1001,28,19,1.0,0.0,0.0);
INSERT INTO ITENS_CUPOM_FISCAL VALUES(59,1001,29,18,1.0,0.0,0.0);
INSERT INTO ITENS_CUPOM_FISCAL VALUES(60,1001,30,80,1.0,0.0,0.0);
INSERT INTO ITENS_CUPOM_FISCAL VALUES(61,1002,1,78,1.0,0.0,0.0);
INSERT INTO ITENS_CUPOM_FISCAL VALUES(62,1002,2,79,1.0,0.0,0.0);
INSERT INTO ITENS_CUPOM_FISCAL VALUES(63,1002,3,74,1.0,0.0,0.0);
INSERT INTO ITENS_CUPOM_FISCAL VALUES(64,1002,4,75,1.0,0.0,0.0);
INSERT INTO ITENS_CUPOM_FISCAL VALUES(65,1002,5,76,1.0,0.0,0.0);
INSERT INTO ITENS_CUPOM_FISCAL VALUES(66,1002,6,71,1.0,0.0,0.0);
INSERT INTO ITENS_CUPOM_FISCAL VALUES(67,1002,7,72,1.0,0.0,0.0);
INSERT INTO ITENS_CUPOM_FISCAL VALUES(68,1002,8,73,1.0,0.0,0.0);
INSERT INTO ITENS_CUPOM_FISCAL VALUES(69,1002,9,23,1.0,0.0,0.0);
INSERT INTO ITENS_CUPOM_FISCAL VALUES(70,1002,10,26,1.0,0.0,0.0);
INSERT INTO ITENS_CUPOM_FISCAL VALUES(71,1002,11,25,1.0,0.0,0.0);
INSERT INTO ITENS_CUPOM_FISCAL VALUES(72,1002,12,24,1.0,0.0,0.0);
INSERT INTO ITENS_CUPOM_FISCAL VALUES(73,1002,13,27,1.0,0.0,0.0);
INSERT INTO ITENS_CUPOM_FISCAL VALUES(74,1002,14,29,1.0,0.0,0.0);
INSERT INTO ITENS_CUPOM_FISCAL VALUES(75,1002,15,28,1.0,0.0,0.0);
INSERT INTO ITENS_CUPOM_FISCAL VALUES(76,1002,16,21,1.0,0.0,0.0);
INSERT INTO ITENS_CUPOM_FISCAL VALUES(77,1002,17,95,1.0,0.0,0.0);
INSERT INTO ITENS_CUPOM_FISCAL VALUES(78,1002,18,98,1.0,0.0,0.0);
INSERT INTO ITENS_CUPOM_FISCAL VALUES(79,1002,19,97,1.0,0.0,0.0);
INSERT INTO ITENS_CUPOM_FISCAL VALUES(80,1002,20,96,1.0,0.0,0.0);
INSERT INTO ITENS_CUPOM_FISCAL VALUES(81,1002,21,94,1.0,0.0,0.0);
INSERT INTO ITENS_CUPOM_FISCAL VALUES(82,1002,22,93,1.0,0.0,0.0);
INSERT INTO ITENS_CUPOM_FISCAL VALUES(83,1002,23,92,1.0,0.0,0.0);
INSERT INTO ITENS_CUPOM_FISCAL VALUES(84,1002,24,91,1.0,0.0,0.0);
INSERT INTO ITENS_CUPOM_FISCAL VALUES(85,1002,25,41,1.0,0.0,0.0);
INSERT INTO ITENS_CUPOM_FISCAL VALUES(86,1002,26,42,1.0,0.0,0.0);
INSERT INTO ITENS_CUPOM_FISCAL VALUES(87,1002,27,43,1.0,0.0,0.0);
INSERT INTO ITENS_CUPOM_FISCAL VALUES(88,1002,28,46,1.0,0.0,0.0);
INSERT INTO ITENS_CUPOM_FISCAL VALUES(89,1002,29,45,1.0,0.0,0.0);
INSERT INTO ITENS_CUPOM_FISCAL VALUES(90,1002,30,48,1.0,0.0,0.0);
INSERT INTO ITENS_CUPOM_FISCAL VALUES(91,1003,1,10,1.0,0.0,0.0);
INSERT INTO ITENS_CUPOM_FISCAL VALUES(92,1003,2,12,1.0,0.0,0.0);
INSERT INTO ITENS_CUPOM_FISCAL VALUES(93,1003,3,13,1.0,0.0,0.0);
INSERT INTO ITENS_CUPOM_FISCAL VALUES(94,1003,4,11,1.0,0.0,0.0);
INSERT INTO ITENS_CUPOM_FISCAL VALUES(95,1003,5,14,1.0,0.0,0.0);
INSERT INTO ITENS_CUPOM_FISCAL VALUES(96,1003,6,151,1.0,0.0,0.0);
INSERT INTO ITENS_CUPOM_FISCAL VALUES(97,1003,7,85,1.0,0.0,0.0);
INSERT INTO ITENS_CUPOM_FISCAL VALUES(98,1003,8,16,1.0,0.0,0.0);
INSERT INTO ITENS_CUPOM_FISCAL VALUES(99,1003,9,17,1.0,0.0,0.0);
INSERT INTO ITENS_CUPOM_FISCAL VALUES(100,1003,10,18,1.0,0.0,0.0);
INSERT INTO ITENS_CUPOM_FISCAL VALUES(101,1003,11,19,1.0,0.0,0.0);
INSERT INTO ITENS_CUPOM_FISCAL VALUES(102,1003,12,132,1.0,0.0,0.0);
INSERT INTO ITENS_CUPOM_FISCAL VALUES(103,1003,13,20,1.0,0.0,0.0);
INSERT INTO ITENS_CUPOM_FISCAL VALUES(104,1003,14,30,1.0,0.0,0.0);
INSERT INTO ITENS_CUPOM_FISCAL VALUES(105,1003,15,40,1.0,0.0,0.0);
INSERT INTO ITENS_CUPOM_FISCAL VALUES(106,1003,16,50,1.0,0.0,0.0);
INSERT INTO ITENS_CUPOM_FISCAL VALUES(107,1003,17,60,1.0,0.0,0.0);
INSERT INTO ITENS_CUPOM_FISCAL VALUES(108,1003,18,90,1.0,0.0,0.0);
INSERT INTO ITENS_CUPOM_FISCAL VALUES(109,1003,19,80,1.0,0.0,0.0);
INSERT INTO ITENS_CUPOM_FISCAL VALUES(110,1003,20,70,1.0,0.0,0.0);
INSERT INTO ITENS_CUPOM_FISCAL VALUES(111,1003,21,71,1.0,0.0,0.0);
INSERT INTO ITENS_CUPOM_FISCAL VALUES(112,1003,22,78,1.0,0.0,0.0);
INSERT INTO ITENS_CUPOM_FISCAL VALUES(113,1003,23,79,1.0,0.0,0.0);
INSERT INTO ITENS_CUPOM_FISCAL VALUES(114,1003,24,74,1.0,0.0,0.0);
INSERT INTO ITENS_CUPOM_FISCAL VALUES(115,1003,25,85,1.0,0.0,0.0);
INSERT INTO ITENS_CUPOM_FISCAL VALUES(116,1003,26,96,1.0,0.0,0.0);
INSERT INTO ITENS_CUPOM_FISCAL VALUES(117,1003,27,63,1.0,0.0,0.0);
INSERT INTO ITENS_CUPOM_FISCAL VALUES(118,1003,28,52,1.0,0.0,0.0);
INSERT INTO ITENS_CUPOM_FISCAL VALUES(119,1003,29,42,1.0,0.0,0.0);
INSERT INTO ITENS_CUPOM_FISCAL VALUES(120,1003,30,129,1.0,0.0,0.0);
INSERT INTO ITENS_CUPOM_FISCAL VALUES(121,1004,1,14,1.0,0.0,0.0);
INSERT INTO ITENS_CUPOM_FISCAL VALUES(122,1004,2,17,1.0,0.0,0.0);
INSERT INTO ITENS_CUPOM_FISCAL VALUES(123,1004,3,18,1.0,0.0,0.0);
INSERT INTO ITENS_CUPOM_FISCAL VALUES(124,1004,4,15,1.0,0.0,0.0);
INSERT INTO ITENS_CUPOM_FISCAL VALUES(125,1004,5,19,1.0,0.0,0.0);
INSERT INTO ITENS_CUPOM_FISCAL VALUES(126,1004,6,16,1.0,0.0,0.0);
INSERT INTO ITENS_CUPOM_FISCAL VALUES(127,1004,7,12,1.0,0.0,0.0);
INSERT INTO ITENS_CUPOM_FISCAL VALUES(128,1004,8,13,1.0,0.0,0.0);
INSERT INTO ITENS_CUPOM_FISCAL VALUES(129,1004,9,21,1.0,0.0,0.0);
INSERT INTO ITENS_CUPOM_FISCAL VALUES(130,1004,10,24,1.0,0.0,0.0);
INSERT INTO ITENS_CUPOM_FISCAL VALUES(131,1004,11,25,1.0,0.0,0.0);
INSERT INTO ITENS_CUPOM_FISCAL VALUES(132,1004,12,23,1.0,0.0,0.0);
INSERT INTO ITENS_CUPOM_FISCAL VALUES(133,1004,13,26,1.0,0.0,0.0);
INSERT INTO ITENS_CUPOM_FISCAL VALUES(134,1004,14,29,1.0,0.0,0.0);
INSERT INTO ITENS_CUPOM_FISCAL VALUES(135,1004,15,28,1.0,0.0,0.0);
INSERT INTO ITENS_CUPOM_FISCAL VALUES(136,1004,16,72,1.0,0.0,0.0);
INSERT INTO ITENS_CUPOM_FISCAL VALUES(137,1004,17,27,1.0,0.0,0.0);
INSERT INTO ITENS_CUPOM_FISCAL VALUES(138,1004,18,32,1.0,0.0,0.0);
INSERT INTO ITENS_CUPOM_FISCAL VALUES(139,1004,19,31,1.0,0.0,0.0);
INSERT INTO ITENS_CUPOM_FISCAL VALUES(140,1004,20,36,1.0,0.0,0.0);
INSERT INTO ITENS_CUPOM_FISCAL VALUES(141,1004,21,35,1.0,0.0,0.0);
INSERT INTO ITENS_CUPOM_FISCAL VALUES(142,1004,22,34,1.0,0.0,0.0);
INSERT INTO ITENS_CUPOM_FISCAL VALUES(143,1004,23,39,1.0,0.0,0.0);
INSERT INTO ITENS_CUPOM_FISCAL VALUES(144,1004,24,38,1.0,0.0,0.0);
INSERT INTO ITENS_CUPOM_FISCAL VALUES(145,1004,25,37,1.0,0.0,0.0);
INSERT INTO ITENS_CUPOM_FISCAL VALUES(146,1004,26,63,1.0,0.0,0.0);
INSERT INTO ITENS_CUPOM_FISCAL VALUES(147,1004,27,62,1.0,0.0,0.0);
INSERT INTO ITENS_CUPOM_FISCAL VALUES(148,1004,28,65,1.0,0.0,0.0);
INSERT INTO ITENS_CUPOM_FISCAL VALUES(149,1004,29,69,1.0,0.0,0.0);
INSERT INTO ITENS_CUPOM_FISCAL VALUES(150,1004,30,68,1.0,0.0,0.0);
INSERT INTO ITENS_CUPOM_FISCAL VALUES(151,1005,1,72,1.0,0.0,0.0);
INSERT INTO ITENS_CUPOM_FISCAL VALUES(152,1005,2,85,1.0,0.0,0.0);
INSERT INTO ITENS_CUPOM_FISCAL VALUES(153,1005,3,79,1.0,0.0,0.0);
INSERT INTO ITENS_CUPOM_FISCAL VALUES(154,1005,4,76,1.0,0.0,0.0);
INSERT INTO ITENS_CUPOM_FISCAL VALUES(155,1005,5,75,1.0,0.0,0.0);
INSERT INTO ITENS_CUPOM_FISCAL VALUES(156,1005,6,74,1.0,0.0,0.0);
INSERT INTO ITENS_CUPOM_FISCAL VALUES(157,1005,7,71,1.0,0.0,0.0);
INSERT INTO ITENS_CUPOM_FISCAL VALUES(158,1005,8,72,1.0,0.0,0.0);
INSERT INTO ITENS_CUPOM_FISCAL VALUES(159,1005,9,73,1.0,0.0,0.0);
INSERT INTO ITENS_CUPOM_FISCAL VALUES(160,1005,10,70,1.0,0.0,0.0);
INSERT INTO ITENS_CUPOM_FISCAL VALUES(161,1005,11,10,1.0,0.0,0.0);
INSERT INTO ITENS_CUPOM_FISCAL VALUES(162,1005,12,12,1.0,0.0,0.0);
INSERT INTO ITENS_CUPOM_FISCAL VALUES(163,1005,13,13,1.0,0.0,0.0);
INSERT INTO ITENS_CUPOM_FISCAL VALUES(164,1005,14,14,1.0,0.0,0.0);
INSERT INTO ITENS_CUPOM_FISCAL VALUES(165,1005,15,15,1.0,0.0,0.0);
INSERT INTO ITENS_CUPOM_FISCAL VALUES(166,1005,16,16,1.0,0.0,0.0);
INSERT INTO ITENS_CUPOM_FISCAL VALUES(167,1005,17,19,1.0,0.0,0.0);
INSERT INTO ITENS_CUPOM_FISCAL VALUES(168,1005,18,18,1.0,0.0,0.0);
INSERT INTO ITENS_CUPOM_FISCAL VALUES(169,1005,19,17,1.0,0.0,0.0);
INSERT INTO ITENS_CUPOM_FISCAL VALUES(170,1005,20,125,1.0,0.0,0.0);
INSERT INTO ITENS_CUPOM_FISCAL VALUES(171,1005,21,32,1.0,0.0,0.0);
INSERT INTO ITENS_CUPOM_FISCAL VALUES(172,1005,22,36,1.0,0.0,0.0);
INSERT INTO ITENS_CUPOM_FISCAL VALUES(173,1005,23,35,1.0,0.0,0.0);
INSERT INTO ITENS_CUPOM_FISCAL VALUES(174,1005,24,34,1.0,0.0,0.0);
INSERT INTO ITENS_CUPOM_FISCAL VALUES(175,1005,25,39,1.0,0.0,0.0);
INSERT INTO ITENS_CUPOM_FISCAL VALUES(176,1005,26,38,1.0,0.0,0.0);
INSERT INTO ITENS_CUPOM_FISCAL VALUES(177,1005,27,37,1.0,0.0,0.0);
INSERT INTO ITENS_CUPOM_FISCAL VALUES(178,1005,28,52,1.0,0.0,0.0);
INSERT INTO ITENS_CUPOM_FISCAL VALUES(179,1005,29,28,1.0,0.0,0.0);
INSERT INTO ITENS_CUPOM_FISCAL VALUES(180,1005,30,93,1.0,0.0,0.0);
INSERT INTO ITENS_CUPOM_FISCAL VALUES(181,1006,1,30,1.0,0.0,0.0);
INSERT INTO ITENS_CUPOM_FISCAL VALUES(182,1006,2,31,1.0,0.0,0.0);
INSERT INTO ITENS_CUPOM_FISCAL VALUES(183,1006,3,36,1.0,0.0,0.0);
INSERT INTO ITENS_CUPOM_FISCAL VALUES(184,1006,4,32,1.0,0.0,0.0);
INSERT INTO ITENS_CUPOM_FISCAL VALUES(185,1006,5,35,1.0,0.0,0.0);
INSERT INTO ITENS_CUPOM_FISCAL VALUES(186,1006,6,34,1.0,0.0,0.0);
INSERT INTO ITENS_CUPOM_FISCAL VALUES(187,1006,7,39,1.0,0.0,0.0);
INSERT INTO ITENS_CUPOM_FISCAL VALUES(188,1006,8,38,1.0,0.0,0.0);
INSERT INTO ITENS_CUPOM_FISCAL VALUES(189,1006,9,37,1.0,0.0,0.0);
INSERT INTO ITENS_CUPOM_FISCAL VALUES(190,1006,10,63,1.0,0.0,0.0);
INSERT INTO ITENS_CUPOM_FISCAL VALUES(191,1006,11,65,1.0,0.0,0.0);
INSERT INTO ITENS_CUPOM_FISCAL VALUES(192,1006,12,64,1.0,0.0,0.0);
INSERT INTO ITENS_CUPOM_FISCAL VALUES(193,1006,13,69,1.0,0.0,0.0);
INSERT INTO ITENS_CUPOM_FISCAL VALUES(194,1006,14,68,1.0,0.0,0.0);
INSERT INTO ITENS_CUPOM_FISCAL VALUES(195,1006,15,67,1.0,0.0,0.0);
INSERT INTO ITENS_CUPOM_FISCAL VALUES(196,1006,16,74,1.0,0.0,0.0);
INSERT INTO ITENS_CUPOM_FISCAL VALUES(197,1006,17,45,1.0,0.0,0.0);
INSERT INTO ITENS_CUPOM_FISCAL VALUES(198,1006,18,36,1.0,0.0,0.0);
INSERT INTO ITENS_CUPOM_FISCAL VALUES(199,1006,19,52,1.0,0.0,0.0);
INSERT INTO ITENS_CUPOM_FISCAL VALUES(200,1006,20,85,1.0,0.0,0.0);
INSERT INTO ITENS_CUPOM_FISCAL VALUES(201,1006,21,75,1.0,0.0,0.0);
INSERT INTO ITENS_CUPOM_FISCAL VALUES(202,1006,22,95,1.0,0.0,0.0);
INSERT INTO ITENS_CUPOM_FISCAL VALUES(203,1006,23,65,1.0,0.0,0.0);
INSERT INTO ITENS_CUPOM_FISCAL VALUES(204,1006,24,45,1.0,0.0,0.0);
INSERT INTO ITENS_CUPOM_FISCAL VALUES(205,1006,25,201,1.0,0.0,0.0);
INSERT INTO ITENS_CUPOM_FISCAL VALUES(206,1006,26,203,1.0,0.0,0.0);
INSERT INTO ITENS_CUPOM_FISCAL VALUES(207,1006,27,159,1.0,0.0,0.0);
INSERT INTO ITENS_CUPOM_FISCAL VALUES(208,1006,28,12,1.0,0.0,0.0);
INSERT INTO ITENS_CUPOM_FISCAL VALUES(209,1006,29,142,1.0,0.0,0.0);
INSERT INTO ITENS_CUPOM_FISCAL VALUES(210,1006,30,154,1.0,0.0,0.0);
INSERT INTO ITENS_CUPOM_FISCAL VALUES(211,1007,1,133,1.0,0.0,0.0);
INSERT INTO ITENS_CUPOM_FISCAL VALUES(212,1007,2,147,1.0,0.0,0.0);
INSERT INTO ITENS_CUPOM_FISCAL VALUES(213,1007,3,148,1.0,0.0,0.0);
INSERT INTO ITENS_CUPOM_FISCAL VALUES(214,1007,4,149,1.0,0.0,0.0);
INSERT INTO ITENS_CUPOM_FISCAL VALUES(215,1007,5,145,1.0,0.0,0.0);
INSERT INTO ITENS_CUPOM_FISCAL VALUES(216,1007,6,165,1.0,0.0,0.0);
INSERT INTO ITENS_CUPOM_FISCAL VALUES(217,1007,7,132,1.0,0.0,0.0);
INSERT INTO ITENS_CUPOM_FISCAL VALUES(218,1007,8,165,1.0,0.0,0.0);
INSERT INTO ITENS_CUPOM_FISCAL VALUES(219,1007,9,142,1.0,0.0,0.0);
INSERT INTO ITENS_CUPOM_FISCAL VALUES(220,1007,10,132,1.0,0.0,0.0);
INSERT INTO ITENS_CUPOM_FISCAL VALUES(221,1007,11,198,1.0,0.0,0.0);
INSERT INTO ITENS_CUPOM_FISCAL VALUES(222,1007,12,187,1.0,0.0,0.0);
INSERT INTO ITENS_CUPOM_FISCAL VALUES(223,1007,13,142,1.0,0.0,0.0);
INSERT INTO ITENS_CUPOM_FISCAL VALUES(224,1007,14,149,1.0,0.0,0.0);
INSERT INTO ITENS_CUPOM_FISCAL VALUES(225,1007,15,129,1.0,0.0,0.0);
INSERT INTO ITENS_CUPOM_FISCAL VALUES(226,1007,16,15,1.0,0.0,0.0);
INSERT INTO ITENS_CUPOM_FISCAL VALUES(227,1007,17,181,1.0,0.0,0.0);
INSERT INTO ITENS_CUPOM_FISCAL VALUES(228,1007,18,19,1.0,0.0,0.0);
INSERT INTO ITENS_CUPOM_FISCAL VALUES(229,1007,19,17,1.0,0.0,0.0);
INSERT INTO ITENS_CUPOM_FISCAL VALUES(230,1007,20,16,1.0,0.0,0.0);
INSERT INTO ITENS_CUPOM_FISCAL VALUES(231,1007,21,10,1.0,0.0,0.0);
INSERT INTO ITENS_CUPOM_FISCAL VALUES(232,1007,22,11,1.0,0.0,0.0);
INSERT INTO ITENS_CUPOM_FISCAL VALUES(233,1007,23,12,1.0,0.0,0.0);
INSERT INTO ITENS_CUPOM_FISCAL VALUES(234,1007,24,145,1.0,0.0,0.0);
INSERT INTO ITENS_CUPOM_FISCAL VALUES(235,1007,25,123,1.0,0.0,0.0);
INSERT INTO ITENS_CUPOM_FISCAL VALUES(236,1007,26,5,1.0,0.0,0.0);
INSERT INTO ITENS_CUPOM_FISCAL VALUES(237,1007,27,9,1.0,0.0,0.0);
INSERT INTO ITENS_CUPOM_FISCAL VALUES(238,1007,28,8,1.0,0.0,0.0);
INSERT INTO ITENS_CUPOM_FISCAL VALUES(239,1007,29,7,1.0,0.0,0.0);
INSERT INTO ITENS_CUPOM_FISCAL VALUES(240,1007,30,3,1.0,0.0,0.0);
INSERT INTO ITENS_CUPOM_FISCAL VALUES(241,1008,1,2,1.0,0.0,0.0);
INSERT INTO ITENS_CUPOM_FISCAL VALUES(242,1008,2,3,1.0,0.0,0.0);
INSERT INTO ITENS_CUPOM_FISCAL VALUES(243,1008,3,4,1.0,0.0,0.0);
INSERT INTO ITENS_CUPOM_FISCAL VALUES(244,1008,4,29,1.0,0.0,0.0);
INSERT INTO ITENS_CUPOM_FISCAL VALUES(245,1008,5,5,1.0,0.0,0.0);
INSERT INTO ITENS_CUPOM_FISCAL VALUES(246,1008,6,9,1.0,0.0,0.0);
INSERT INTO ITENS_CUPOM_FISCAL VALUES(247,1008,7,8,1.0,0.0,0.0);
INSERT INTO ITENS_CUPOM_FISCAL VALUES(248,1008,8,7,1.0,0.0,0.0);
INSERT INTO ITENS_CUPOM_FISCAL VALUES(249,1008,9,10,1.0,0.0,0.0);
INSERT INTO ITENS_CUPOM_FISCAL VALUES(250,1008,10,20,1.0,0.0,0.0);
INSERT INTO ITENS_CUPOM_FISCAL VALUES(251,1008,11,30,1.0,0.0,0.0);
INSERT INTO ITENS_CUPOM_FISCAL VALUES(252,1008,12,4,1.0,0.0,0.0);
INSERT INTO ITENS_CUPOM_FISCAL VALUES(253,1008,13,65,1.0,0.0,0.0);
INSERT INTO ITENS_CUPOM_FISCAL VALUES(254,1008,14,87,1.0,0.0,0.0);
INSERT INTO ITENS_CUPOM_FISCAL VALUES(255,1008,15,41,1.0,0.0,0.0);
INSERT INTO ITENS_CUPOM_FISCAL VALUES(256,1008,16,1,1.0,0.0,0.0);
INSERT INTO ITENS_CUPOM_FISCAL VALUES(257,1008,17,26,1.0,0.0,0.0);
INSERT INTO ITENS_CUPOM_FISCAL VALUES(258,1008,18,36,1.0,0.0,0.0);
INSERT INTO ITENS_CUPOM_FISCAL VALUES(259,1008,19,39,1.0,0.0,0.0);
INSERT INTO ITENS_CUPOM_FISCAL VALUES(260,1008,20,38,1.0,0.0,0.0);
INSERT INTO ITENS_CUPOM_FISCAL VALUES(261,1008,21,35,1.0,0.0,0.0);
INSERT INTO ITENS_CUPOM_FISCAL VALUES(262,1008,22,36,1.0,0.0,0.0);
INSERT INTO ITENS_CUPOM_FISCAL VALUES(263,1008,23,85,1.0,0.0,0.0);
INSERT INTO ITENS_CUPOM_FISCAL VALUES(264,1008,24,96,1.0,0.0,0.0);
INSERT INTO ITENS_CUPOM_FISCAL VALUES(265,1008,25,94,1.0,0.0,0.0);
INSERT INTO ITENS_CUPOM_FISCAL VALUES(266,1008,26,58,1.0,0.0,0.0);
INSERT INTO ITENS_CUPOM_FISCAL VALUES(267,1008,27,86,1.0,0.0,0.0);
INSERT INTO ITENS_CUPOM_FISCAL VALUES(268,1008,28,87,1.0,0.0,0.0);
INSERT INTO ITENS_CUPOM_FISCAL VALUES(269,1008,29,54,1.0,0.0,0.0);
INSERT INTO ITENS_CUPOM_FISCAL VALUES(270,1008,30,64,1.0,0.0,0.0);
INSERT INTO ITENS_CUPOM_FISCAL VALUES(271,1009,1,14,1.0,0.0,0.0);
INSERT INTO ITENS_CUPOM_FISCAL VALUES(272,1009,2,15,1.0,0.0,0.0);
INSERT INTO ITENS_CUPOM_FISCAL VALUES(273,1009,3,16,1.0,0.0,0.0);
INSERT INTO ITENS_CUPOM_FISCAL VALUES(274,1009,4,19,1.0,0.0,0.0);
INSERT INTO ITENS_CUPOM_FISCAL VALUES(275,1009,5,18,1.0,0.0,0.0);
INSERT INTO ITENS_CUPOM_FISCAL VALUES(276,1009,6,17,1.0,0.0,0.0);
INSERT INTO ITENS_CUPOM_FISCAL VALUES(277,1009,7,125,1.0,0.0,0.0);
INSERT INTO ITENS_CUPOM_FISCAL VALUES(278,1009,8,32,1.0,0.0,0.0);
INSERT INTO ITENS_CUPOM_FISCAL VALUES(279,1009,9,36,1.0,0.0,0.0);
INSERT INTO ITENS_CUPOM_FISCAL VALUES(280,1009,10,35,1.0,0.0,0.0);
INSERT INTO ITENS_CUPOM_FISCAL VALUES(281,1009,11,34,1.0,0.0,0.0);
INSERT INTO ITENS_CUPOM_FISCAL VALUES(282,1009,12,39,1.0,0.0,0.0);
INSERT INTO ITENS_CUPOM_FISCAL VALUES(283,1009,13,38,1.0,0.0,0.0);
INSERT INTO ITENS_CUPOM_FISCAL VALUES(284,1009,14,37,1.0,0.0,0.0);
INSERT INTO ITENS_CUPOM_FISCAL VALUES(285,1009,15,52,1.0,0.0,0.0);
INSERT INTO ITENS_CUPOM_FISCAL VALUES(286,1009,16,28,1.0,0.0,0.0);
INSERT INTO ITENS_CUPOM_FISCAL VALUES(287,1009,17,93,1.0,0.0,0.0);
INSERT INTO ITENS_CUPOM_FISCAL VALUES(288,1009,18,30,1.0,0.0,0.0);
INSERT INTO ITENS_CUPOM_FISCAL VALUES(289,1009,19,31,1.0,0.0,0.0);
INSERT INTO ITENS_CUPOM_FISCAL VALUES(290,1009,20,36,1.0,0.0,0.0);
INSERT INTO ITENS_CUPOM_FISCAL VALUES(291,1009,21,32,1.0,0.0,0.0);
INSERT INTO ITENS_CUPOM_FISCAL VALUES(292,1009,22,35,1.0,0.0,0.0);
INSERT INTO ITENS_CUPOM_FISCAL VALUES(293,1009,23,34,1.0,0.0,0.0);
INSERT INTO ITENS_CUPOM_FISCAL VALUES(294,1009,24,39,1.0,0.0,0.0);
INSERT INTO ITENS_CUPOM_FISCAL VALUES(295,1009,25,38,1.0,0.0,0.0);
INSERT INTO ITENS_CUPOM_FISCAL VALUES(296,1009,26,37,1.0,0.0,0.0);
INSERT INTO ITENS_CUPOM_FISCAL VALUES(297,1009,27,63,1.0,0.0,0.0);
INSERT INTO ITENS_CUPOM_FISCAL VALUES(298,1009,28,65,1.0,0.0,0.0);
INSERT INTO ITENS_CUPOM_FISCAL VALUES(299,1009,29,64,1.0,0.0,0.0);
INSERT INTO ITENS_CUPOM_FISCAL VALUES(300,1009,30,69,1.0,0.0,0.0);
INSERT INTO ITENS_CUPOM_FISCAL VALUES(301,1010,1,68,1.0,0.0,0.0);
INSERT INTO ITENS_CUPOM_FISCAL VALUES(302,1010,2,67,1.0,0.0,0.0);
INSERT INTO ITENS_CUPOM_FISCAL VALUES(303,1010,3,74,1.0,0.0,0.0);
INSERT INTO ITENS_CUPOM_FISCAL VALUES(304,1010,4,45,1.0,0.0,0.0);
INSERT INTO ITENS_CUPOM_FISCAL VALUES(305,1010,5,36,1.0,0.0,0.0);
INSERT INTO ITENS_CUPOM_FISCAL VALUES(306,1010,6,52,1.0,0.0,0.0);
INSERT INTO ITENS_CUPOM_FISCAL VALUES(307,1010,7,85,1.0,0.0,0.0);
INSERT INTO ITENS_CUPOM_FISCAL VALUES(308,1010,8,75,1.0,0.0,0.0);
INSERT INTO ITENS_CUPOM_FISCAL VALUES(309,1010,9,95,1.0,0.0,0.0);
INSERT INTO ITENS_CUPOM_FISCAL VALUES(310,1010,10,65,1.0,0.0,0.0);
INSERT INTO ITENS_CUPOM_FISCAL VALUES(311,1010,11,45,1.0,0.0,0.0);
INSERT INTO ITENS_CUPOM_FISCAL VALUES(312,1010,12,201,1.0,0.0,0.0);
INSERT INTO ITENS_CUPOM_FISCAL VALUES(313,1010,13,203,1.0,0.0,0.0);
INSERT INTO ITENS_CUPOM_FISCAL VALUES(314,1010,14,159,1.0,0.0,0.0);
INSERT INTO ITENS_CUPOM_FISCAL VALUES(315,1010,15,12,1.0,0.0,0.0);
INSERT INTO ITENS_CUPOM_FISCAL VALUES(316,1010,16,142,1.0,0.0,0.0);
INSERT INTO ITENS_CUPOM_FISCAL VALUES(317,1010,17,154,1.0,0.0,0.0);
INSERT INTO ITENS_CUPOM_FISCAL VALUES(318,1010,18,133,1.0,0.0,0.0);
INSERT INTO ITENS_CUPOM_FISCAL VALUES(319,1010,19,147,1.0,0.0,0.0);
INSERT INTO ITENS_CUPOM_FISCAL VALUES(320,1010,20,148,1.0,0.0,0.0);
INSERT INTO ITENS_CUPOM_FISCAL VALUES(321,1010,21,149,1.0,0.0,0.0);
INSERT INTO ITENS_CUPOM_FISCAL VALUES(322,1010,22,145,1.0,0.0,0.0);
INSERT INTO ITENS_CUPOM_FISCAL VALUES(323,1010,23,165,1.0,0.0,0.0);
INSERT INTO ITENS_CUPOM_FISCAL VALUES(324,1010,24,3,1.0,0.0,0.0);
INSERT INTO ITENS_CUPOM_FISCAL VALUES(325,1010,25,2,1.0,0.0,0.0);
INSERT INTO ITENS_CUPOM_FISCAL VALUES(326,1010,26,3,1.0,0.0,0.0);
INSERT INTO ITENS_CUPOM_FISCAL VALUES(327,1010,27,4,1.0,0.0,0.0);
INSERT INTO ITENS_CUPOM_FISCAL VALUES(328,1010,28,29,1.0,0.0,0.0);
INSERT INTO ITENS_CUPOM_FISCAL VALUES(329,1010,29,5,1.0,0.0,0.0);
INSERT INTO ITENS_CUPOM_FISCAL VALUES(330,1010,30,9,1.0,0.0,0.0);
INSERT INTO ITENS_CUPOM_FISCAL VALUES(331,1011,1,8,1.0,0.0,0.0);
INSERT INTO ITENS_CUPOM_FISCAL VALUES(332,1011,2,7,1.0,0.0,0.0);
INSERT INTO ITENS_CUPOM_FISCAL VALUES(333,1011,3,10,1.0,0.0,0.0);
INSERT INTO ITENS_CUPOM_FISCAL VALUES(334,1011,4,20,1.0,0.0,0.0);
INSERT INTO ITENS_CUPOM_FISCAL VALUES(335,1011,5,30,1.0,0.0,0.0);
INSERT INTO ITENS_CUPOM_FISCAL VALUES(336,1011,6,4,1.0,0.0,0.0);
INSERT INTO ITENS_CUPOM_FISCAL VALUES(337,1011,7,65,1.0,0.0,0.0);
INSERT INTO ITENS_CUPOM_FISCAL VALUES(338,1011,8,87,1.0,0.0,0.0);
INSERT INTO ITENS_CUPOM_FISCAL VALUES(339,1011,9,41,1.0,0.0,0.0);
INSERT INTO ITENS_CUPOM_FISCAL VALUES(340,1011,10,1,1.0,0.0,0.0);
INSERT INTO ITENS_CUPOM_FISCAL VALUES(341,1011,11,26,1.0,0.0,0.0);
INSERT INTO ITENS_CUPOM_FISCAL VALUES(342,1011,12,36,1.0,0.0,0.0);
INSERT INTO ITENS_CUPOM_FISCAL VALUES(343,1011,13,39,1.0,0.0,0.0);
INSERT INTO ITENS_CUPOM_FISCAL VALUES(344,1011,14,38,1.0,0.0,0.0);
INSERT INTO ITENS_CUPOM_FISCAL VALUES(345,1011,15,35,1.0,0.0,0.0);
INSERT INTO ITENS_CUPOM_FISCAL VALUES(346,1011,16,36,1.0,0.0,0.0);
INSERT INTO ITENS_CUPOM_FISCAL VALUES(347,1011,17,85,1.0,0.0,0.0);
INSERT INTO ITENS_CUPOM_FISCAL VALUES(348,1011,18,96,1.0,0.0,0.0);
INSERT INTO ITENS_CUPOM_FISCAL VALUES(349,1011,19,94,1.0,0.0,0.0);
INSERT INTO ITENS_CUPOM_FISCAL VALUES(350,1011,20,58,1.0,0.0,0.0);
INSERT INTO ITENS_CUPOM_FISCAL VALUES(351,1011,21,86,1.0,0.0,0.0);
INSERT INTO ITENS_CUPOM_FISCAL VALUES(352,1011,22,87,1.0,0.0,0.0);
INSERT INTO ITENS_CUPOM_FISCAL VALUES(353,1011,23,54,1.0,0.0,0.0);
INSERT INTO ITENS_CUPOM_FISCAL VALUES(354,1011,24,64,1.0,0.0,0.0);
INSERT INTO ITENS_CUPOM_FISCAL VALUES(355,1011,25,14,1.0,0.0,0.0);
INSERT INTO ITENS_CUPOM_FISCAL VALUES(356,1011,26,15,1.0,0.0,0.0);
INSERT INTO ITENS_CUPOM_FISCAL VALUES(357,1011,27,16,1.0,0.0,0.0);
INSERT INTO ITENS_CUPOM_FISCAL VALUES(358,1011,28,19,1.0,0.0,0.0);
INSERT INTO ITENS_CUPOM_FISCAL VALUES(359,1011,29,18,1.0,0.0,0.0);
INSERT INTO ITENS_CUPOM_FISCAL VALUES(360,1011,30,17,1.0,0.0,0.0);
INSERT INTO ITENS_CUPOM_FISCAL VALUES(361,1012,1,125,1.0,0.0,0.0);
INSERT INTO ITENS_CUPOM_FISCAL VALUES(362,1012,2,32,1.0,0.0,0.0);
INSERT INTO ITENS_CUPOM_FISCAL VALUES(363,1012,3,36,1.0,0.0,0.0);
INSERT INTO ITENS_CUPOM_FISCAL VALUES(364,1012,4,35,1.0,0.0,0.0);
INSERT INTO ITENS_CUPOM_FISCAL VALUES(365,1012,5,34,1.0,0.0,0.0);
INSERT INTO ITENS_CUPOM_FISCAL VALUES(366,1012,6,39,1.0,0.0,0.0);
INSERT INTO ITENS_CUPOM_FISCAL VALUES(367,1012,7,23,1.0,0.0,0.0);
INSERT INTO ITENS_CUPOM_FISCAL VALUES(368,1012,8,26,1.0,0.0,0.0);
INSERT INTO ITENS_CUPOM_FISCAL VALUES(369,1012,9,25,1.0,0.0,0.0);
INSERT INTO ITENS_CUPOM_FISCAL VALUES(370,1012,10,24,1.0,0.0,0.0);
INSERT INTO ITENS_CUPOM_FISCAL VALUES(371,1012,11,27,1.0,0.0,0.0);
INSERT INTO ITENS_CUPOM_FISCAL VALUES(372,1012,12,29,1.0,0.0,0.0);
INSERT INTO ITENS_CUPOM_FISCAL VALUES(373,1012,13,28,1.0,0.0,0.0);
INSERT INTO ITENS_CUPOM_FISCAL VALUES(374,1012,14,21,1.0,0.0,0.0);
INSERT INTO ITENS_CUPOM_FISCAL VALUES(375,1012,15,95,1.0,0.0,0.0);
INSERT INTO ITENS_CUPOM_FISCAL VALUES(376,1012,16,98,1.0,0.0,0.0);
INSERT INTO ITENS_CUPOM_FISCAL VALUES(377,1012,17,97,1.0,0.0,0.0);
INSERT INTO ITENS_CUPOM_FISCAL VALUES(378,1012,18,96,1.0,0.0,0.0);
INSERT INTO ITENS_CUPOM_FISCAL VALUES(379,1012,19,94,1.0,0.0,0.0);
INSERT INTO ITENS_CUPOM_FISCAL VALUES(380,1012,20,93,1.0,0.0,0.0);
INSERT INTO ITENS_CUPOM_FISCAL VALUES(381,1012,21,92,1.0,0.0,0.0);
INSERT INTO ITENS_CUPOM_FISCAL VALUES(382,1012,22,91,1.0,0.0,0.0);
INSERT INTO ITENS_CUPOM_FISCAL VALUES(383,1012,23,41,1.0,0.0,0.0);
INSERT INTO ITENS_CUPOM_FISCAL VALUES(384,1012,24,42,1.0,0.0,0.0);
INSERT INTO ITENS_CUPOM_FISCAL VALUES(385,1012,25,43,1.0,0.0,0.0);
INSERT INTO ITENS_CUPOM_FISCAL VALUES(386,1012,26,46,1.0,0.0,0.0);
INSERT INTO ITENS_CUPOM_FISCAL VALUES(387,1012,27,45,1.0,0.0,0.0);
INSERT INTO ITENS_CUPOM_FISCAL VALUES(388,1012,28,48,1.0,0.0,0.0);
INSERT INTO ITENS_CUPOM_FISCAL VALUES(389,1012,29,10,1.0,0.0,0.0);
INSERT INTO ITENS_CUPOM_FISCAL VALUES(390,1012,30,12,1.0,0.0,0.0);
INSERT INTO ITENS_CUPOM_FISCAL VALUES(391,1013,1,13,1.0,0.0,0.0);
INSERT INTO ITENS_CUPOM_FISCAL VALUES(392,1013,2,11,1.0,0.0,0.0);
INSERT INTO ITENS_CUPOM_FISCAL VALUES(393,1013,3,14,1.0,0.0,0.0);
INSERT INTO ITENS_CUPOM_FISCAL VALUES(394,1013,4,151,1.0,0.0,0.0);
INSERT INTO ITENS_CUPOM_FISCAL VALUES(395,1013,5,85,1.0,0.0,0.0);
INSERT INTO ITENS_CUPOM_FISCAL VALUES(396,1013,6,16,1.0,0.0,0.0);
INSERT INTO ITENS_CUPOM_FISCAL VALUES(397,1013,7,17,1.0,0.0,0.0);
INSERT INTO ITENS_CUPOM_FISCAL VALUES(398,1013,8,18,1.0,0.0,0.0);
INSERT INTO ITENS_CUPOM_FISCAL VALUES(399,1013,9,19,1.0,0.0,0.0);
INSERT INTO ITENS_CUPOM_FISCAL VALUES(400,1013,10,132,1.0,0.0,0.0);
INSERT INTO ITENS_CUPOM_FISCAL VALUES(401,1013,11,20,1.0,0.0,0.0);
INSERT INTO ITENS_CUPOM_FISCAL VALUES(402,1013,12,30,1.0,0.0,0.0);
INSERT INTO ITENS_CUPOM_FISCAL VALUES(403,1013,13,40,1.0,0.0,0.0);
INSERT INTO ITENS_CUPOM_FISCAL VALUES(404,1013,14,50,1.0,0.0,0.0);
INSERT INTO ITENS_CUPOM_FISCAL VALUES(405,1013,15,60,1.0,0.0,0.0);
INSERT INTO ITENS_CUPOM_FISCAL VALUES(406,1013,16,90,1.0,0.0,0.0);
INSERT INTO ITENS_CUPOM_FISCAL VALUES(407,1013,17,80,1.0,0.0,0.0);
INSERT INTO ITENS_CUPOM_FISCAL VALUES(408,1013,18,70,1.0,0.0,0.0);
INSERT INTO ITENS_CUPOM_FISCAL VALUES(409,1013,19,71,1.0,0.0,0.0);
INSERT INTO ITENS_CUPOM_FISCAL VALUES(410,1013,20,78,1.0,0.0,0.0);
INSERT INTO ITENS_CUPOM_FISCAL VALUES(411,1013,21,79,1.0,0.0,0.0);
INSERT INTO ITENS_CUPOM_FISCAL VALUES(412,1013,22,74,1.0,0.0,0.0);
INSERT INTO ITENS_CUPOM_FISCAL VALUES(413,1013,23,85,1.0,0.0,0.0);
INSERT INTO ITENS_CUPOM_FISCAL VALUES(414,1013,24,96,1.0,0.0,0.0);
INSERT INTO ITENS_CUPOM_FISCAL VALUES(415,1013,25,63,1.0,0.0,0.0);
INSERT INTO ITENS_CUPOM_FISCAL VALUES(416,1013,26,52,1.0,0.0,0.0);
INSERT INTO ITENS_CUPOM_FISCAL VALUES(417,1013,27,42,1.0,0.0,0.0);
INSERT INTO ITENS_CUPOM_FISCAL VALUES(418,1013,28,129,1.0,0.0,0.0);
INSERT INTO ITENS_CUPOM_FISCAL VALUES(419,1013,29,14,1.0,0.0,0.0);
INSERT INTO ITENS_CUPOM_FISCAL VALUES(420,1013,30,17,1.0,0.0,0.0);
INSERT INTO ITENS_CUPOM_FISCAL VALUES(421,1014,1,18,1.0,0.0,0.0);
INSERT INTO ITENS_CUPOM_FISCAL VALUES(422,1014,2,15,1.0,0.0,0.0);
INSERT INTO ITENS_CUPOM_FISCAL VALUES(423,1014,3,19,1.0,0.0,0.0);
INSERT INTO ITENS_CUPOM_FISCAL VALUES(424,1014,4,16,1.0,0.0,0.0);
INSERT INTO ITENS_CUPOM_FISCAL VALUES(425,1014,5,12,1.0,0.0,0.0);
INSERT INTO ITENS_CUPOM_FISCAL VALUES(426,1014,6,13,1.0,0.0,0.0);
INSERT INTO ITENS_CUPOM_FISCAL VALUES(427,1014,7,21,1.0,0.0,0.0);
INSERT INTO ITENS_CUPOM_FISCAL VALUES(428,1014,8,24,1.0,0.0,0.0);
INSERT INTO ITENS_CUPOM_FISCAL VALUES(429,1014,9,25,1.0,0.0,0.0);
INSERT INTO ITENS_CUPOM_FISCAL VALUES(430,1014,10,23,1.0,0.0,0.0);
INSERT INTO ITENS_CUPOM_FISCAL VALUES(431,1014,11,26,1.0,0.0,0.0);
INSERT INTO ITENS_CUPOM_FISCAL VALUES(432,1014,12,29,1.0,0.0,0.0);
INSERT INTO ITENS_CUPOM_FISCAL VALUES(433,1014,13,28,1.0,0.0,0.0);
INSERT INTO ITENS_CUPOM_FISCAL VALUES(434,1014,14,72,1.0,0.0,0.0);
INSERT INTO ITENS_CUPOM_FISCAL VALUES(435,1014,15,27,1.0,0.0,0.0);
INSERT INTO ITENS_CUPOM_FISCAL VALUES(436,1014,16,32,1.0,0.0,0.0);
INSERT INTO ITENS_CUPOM_FISCAL VALUES(437,1014,17,31,1.0,0.0,0.0);
INSERT INTO ITENS_CUPOM_FISCAL VALUES(438,1014,18,36,1.0,0.0,0.0);
INSERT INTO ITENS_CUPOM_FISCAL VALUES(439,1014,19,35,1.0,0.0,0.0);
INSERT INTO ITENS_CUPOM_FISCAL VALUES(440,1014,20,34,1.0,0.0,0.0);
INSERT INTO ITENS_CUPOM_FISCAL VALUES(441,1014,21,39,1.0,0.0,0.0);
INSERT INTO ITENS_CUPOM_FISCAL VALUES(442,1014,22,38,1.0,0.0,0.0);
INSERT INTO ITENS_CUPOM_FISCAL VALUES(443,1014,23,37,1.0,0.0,0.0);
INSERT INTO ITENS_CUPOM_FISCAL VALUES(444,1014,24,23,1.0,0.0,0.0);
INSERT INTO ITENS_CUPOM_FISCAL VALUES(445,1014,25,26,1.0,0.0,0.0);
INSERT INTO ITENS_CUPOM_FISCAL VALUES(446,1014,26,25,1.0,0.0,0.0);
INSERT INTO ITENS_CUPOM_FISCAL VALUES(447,1014,27,24,1.0,0.0,0.0);
INSERT INTO ITENS_CUPOM_FISCAL VALUES(448,1014,28,27,1.0,0.0,0.0);
INSERT INTO ITENS_CUPOM_FISCAL VALUES(449,1014,29,29,1.0,0.0,0.0);
INSERT INTO ITENS_CUPOM_FISCAL VALUES(450,1014,30,28,1.0,0.0,0.0);
INSERT INTO ITENS_CUPOM_FISCAL VALUES(451,1015,1,21,1.0,0.0,0.0);
INSERT INTO ITENS_CUPOM_FISCAL VALUES(452,1015,2,95,1.0,0.0,0.0);
INSERT INTO ITENS_CUPOM_FISCAL VALUES(453,1015,3,98,1.0,0.0,0.0);
INSERT INTO ITENS_CUPOM_FISCAL VALUES(454,1015,4,97,1.0,0.0,0.0);
INSERT INTO ITENS_CUPOM_FISCAL VALUES(455,1015,5,96,1.0,0.0,0.0);
INSERT INTO ITENS_CUPOM_FISCAL VALUES(456,1015,6,94,1.0,0.0,0.0);
INSERT INTO ITENS_CUPOM_FISCAL VALUES(457,1015,7,93,1.0,0.0,0.0);
INSERT INTO ITENS_CUPOM_FISCAL VALUES(458,1015,8,92,1.0,0.0,0.0);
INSERT INTO ITENS_CUPOM_FISCAL VALUES(459,1015,9,91,1.0,0.0,0.0);
INSERT INTO ITENS_CUPOM_FISCAL VALUES(460,1015,10,41,1.0,0.0,0.0);
INSERT INTO ITENS_CUPOM_FISCAL VALUES(461,1015,11,42,1.0,0.0,0.0);
INSERT INTO ITENS_CUPOM_FISCAL VALUES(462,1015,12,43,1.0,0.0,0.0);
INSERT INTO ITENS_CUPOM_FISCAL VALUES(463,1015,13,46,1.0,0.0,0.0);
INSERT INTO ITENS_CUPOM_FISCAL VALUES(464,1015,14,45,1.0,0.0,0.0);
INSERT INTO ITENS_CUPOM_FISCAL VALUES(465,1015,15,48,1.0,0.0,0.0);
INSERT INTO ITENS_CUPOM_FISCAL VALUES(466,1015,16,10,1.0,0.0,0.0);
INSERT INTO ITENS_CUPOM_FISCAL VALUES(467,1015,17,12,1.0,0.0,0.0);
INSERT INTO ITENS_CUPOM_FISCAL VALUES(468,1015,18,13,1.0,0.0,0.0);
INSERT INTO ITENS_CUPOM_FISCAL VALUES(469,1015,19,11,1.0,0.0,0.0);
INSERT INTO ITENS_CUPOM_FISCAL VALUES(470,1015,20,14,1.0,0.0,0.0);
INSERT INTO ITENS_CUPOM_FISCAL VALUES(471,1015,21,151,1.0,0.0,0.0);
INSERT INTO ITENS_CUPOM_FISCAL VALUES(472,1015,22,85,1.0,0.0,0.0);
INSERT INTO ITENS_CUPOM_FISCAL VALUES(473,1015,23,16,1.0,0.0,0.0);
INSERT INTO ITENS_CUPOM_FISCAL VALUES(474,1015,24,17,1.0,0.0,0.0);
INSERT INTO ITENS_CUPOM_FISCAL VALUES(475,1015,25,18,1.0,0.0,0.0);
INSERT INTO ITENS_CUPOM_FISCAL VALUES(476,1015,26,19,1.0,0.0,0.0);
INSERT INTO ITENS_CUPOM_FISCAL VALUES(477,1015,27,132,1.0,0.0,0.0);
INSERT INTO ITENS_CUPOM_FISCAL VALUES(478,1015,28,20,1.0,0.0,0.0);
INSERT INTO ITENS_CUPOM_FISCAL VALUES(479,1015,29,30,1.0,0.0,0.0);
INSERT INTO ITENS_CUPOM_FISCAL VALUES(480,1015,30,40,1.0,0.0,0.0);
INSERT INTO ITENS_CUPOM_FISCAL VALUES(481,1016,1,50,1.0,0.0,0.0);
INSERT INTO ITENS_CUPOM_FISCAL VALUES(482,1016,2,60,1.0,0.0,0.0);
INSERT INTO ITENS_CUPOM_FISCAL VALUES(483,1016,3,90,1.0,0.0,0.0);
INSERT INTO ITENS_CUPOM_FISCAL VALUES(484,1016,4,80,1.0,0.0,0.0);
INSERT INTO ITENS_CUPOM_FISCAL VALUES(485,1016,5,70,1.0,0.0,0.0);
INSERT INTO ITENS_CUPOM_FISCAL VALUES(486,1016,6,71,1.0,0.0,0.0);
INSERT INTO ITENS_CUPOM_FISCAL VALUES(487,1016,7,78,1.0,0.0,0.0);
INSERT INTO ITENS_CUPOM_FISCAL VALUES(488,1016,8,79,1.0,0.0,0.0);
INSERT INTO ITENS_CUPOM_FISCAL VALUES(489,1016,9,74,1.0,0.0,0.0);
INSERT INTO ITENS_CUPOM_FISCAL VALUES(490,1016,10,85,1.0,0.0,0.0);
INSERT INTO ITENS_CUPOM_FISCAL VALUES(491,1016,11,96,1.0,0.0,0.0);
INSERT INTO ITENS_CUPOM_FISCAL VALUES(492,1016,12,63,1.0,0.0,0.0);
INSERT INTO ITENS_CUPOM_FISCAL VALUES(493,1016,13,52,1.0,0.0,0.0);
INSERT INTO ITENS_CUPOM_FISCAL VALUES(494,1016,14,42,1.0,0.0,0.0);
INSERT INTO ITENS_CUPOM_FISCAL VALUES(495,1016,15,129,1.0,0.0,0.0);
INSERT INTO ITENS_CUPOM_FISCAL VALUES(496,1016,16,14,1.0,0.0,0.0);
INSERT INTO ITENS_CUPOM_FISCAL VALUES(497,1016,17,17,1.0,0.0,0.0);
INSERT INTO ITENS_CUPOM_FISCAL VALUES(498,1016,18,18,1.0,0.0,0.0);
INSERT INTO ITENS_CUPOM_FISCAL VALUES(499,1016,19,15,1.0,0.0,0.0);
INSERT INTO ITENS_CUPOM_FISCAL VALUES(500,1016,20,19,1.0,0.0,0.0);
INSERT INTO ITENS_CUPOM_FISCAL VALUES(501,1016,21,16,1.0,0.0,0.0);
INSERT INTO ITENS_CUPOM_FISCAL VALUES(502,1016,22,12,1.0,0.0,0.0);
INSERT INTO ITENS_CUPOM_FISCAL VALUES(503,1016,23,13,1.0,0.0,0.0);
INSERT INTO ITENS_CUPOM_FISCAL VALUES(504,1016,24,21,1.0,0.0,0.0);
INSERT INTO ITENS_CUPOM_FISCAL VALUES(505,1016,25,24,1.0,0.0,0.0);
INSERT INTO ITENS_CUPOM_FISCAL VALUES(506,1016,26,25,1.0,0.0,0.0);
INSERT INTO ITENS_CUPOM_FISCAL VALUES(507,1016,27,23,1.0,0.0,0.0);
INSERT INTO ITENS_CUPOM_FISCAL VALUES(508,1016,28,26,1.0,0.0,0.0);
INSERT INTO ITENS_CUPOM_FISCAL VALUES(509,1016,29,29,1.0,0.0,0.0);
INSERT INTO ITENS_CUPOM_FISCAL VALUES(510,1016,30,28,1.0,0.0,0.0);
INSERT INTO ITENS_CUPOM_FISCAL VALUES(511,1017,1,72,1.0,0.0,0.0);
INSERT INTO ITENS_CUPOM_FISCAL VALUES(512,1017,2,27,1.0,0.0,0.0);
INSERT INTO ITENS_CUPOM_FISCAL VALUES(513,1017,3,32,1.0,0.0,0.0);
INSERT INTO ITENS_CUPOM_FISCAL VALUES(514,1017,4,31,1.0,0.0,0.0);
INSERT INTO ITENS_CUPOM_FISCAL VALUES(515,1017,5,36,1.0,0.0,0.0);
INSERT INTO ITENS_CUPOM_FISCAL VALUES(516,1017,6,35,1.0,0.0,0.0);
INSERT INTO ITENS_CUPOM_FISCAL VALUES(517,1017,7,34,1.0,0.0,0.0);
INSERT INTO ITENS_CUPOM_FISCAL VALUES(518,1017,8,39,1.0,0.0,0.0);
INSERT INTO ITENS_CUPOM_FISCAL VALUES(519,1017,9,38,1.0,0.0,0.0);
INSERT INTO ITENS_CUPOM_FISCAL VALUES(520,1017,10,37,1.0,0.0,0.0);
INSERT INTO ITENS_CUPOM_FISCAL VALUES(521,1017,11,9,1.0,0.0,0.0);
INSERT INTO ITENS_CUPOM_FISCAL VALUES(522,1017,12,8,1.0,0.0,0.0);
INSERT INTO ITENS_CUPOM_FISCAL VALUES(523,1017,13,7,1.0,0.0,0.0);
INSERT INTO ITENS_CUPOM_FISCAL VALUES(524,1017,14,3,1.0,0.0,0.0);
INSERT INTO ITENS_CUPOM_FISCAL VALUES(525,1017,15,2,1.0,0.0,0.0);
INSERT INTO ITENS_CUPOM_FISCAL VALUES(526,1017,16,3,1.0,0.0,0.0);
INSERT INTO ITENS_CUPOM_FISCAL VALUES(527,1017,17,4,1.0,0.0,0.0);
INSERT INTO ITENS_CUPOM_FISCAL VALUES(528,1017,18,29,1.0,0.0,0.0);
INSERT INTO ITENS_CUPOM_FISCAL VALUES(529,1017,19,5,1.0,0.0,0.0);
INSERT INTO ITENS_CUPOM_FISCAL VALUES(530,1017,20,9,1.0,0.0,0.0);
INSERT INTO ITENS_CUPOM_FISCAL VALUES(531,1017,21,8,1.0,0.0,0.0);
INSERT INTO ITENS_CUPOM_FISCAL VALUES(532,1017,22,7,1.0,0.0,0.0);
INSERT INTO ITENS_CUPOM_FISCAL VALUES(533,1017,23,10,1.0,0.0,0.0);
INSERT INTO ITENS_CUPOM_FISCAL VALUES(534,1017,24,20,1.0,0.0,0.0);
INSERT INTO ITENS_CUPOM_FISCAL VALUES(535,1017,25,30,1.0,0.0,0.0);
INSERT INTO ITENS_CUPOM_FISCAL VALUES(536,1017,26,4,1.0,0.0,0.0);
INSERT INTO ITENS_CUPOM_FISCAL VALUES(537,1017,27,65,1.0,0.0,0.0);
INSERT INTO ITENS_CUPOM_FISCAL VALUES(538,1017,28,87,1.0,0.0,0.0);
INSERT INTO ITENS_CUPOM_FISCAL VALUES(539,1017,29,41,1.0,0.0,0.0);
INSERT INTO ITENS_CUPOM_FISCAL VALUES(540,1017,30,1,1.0,0.0,0.0);
INSERT INTO ITENS_CUPOM_FISCAL VALUES(541,1018,1,26,1.0,0.0,0.0);
INSERT INTO ITENS_CUPOM_FISCAL VALUES(542,1018,2,36,1.0,0.0,0.0);
INSERT INTO ITENS_CUPOM_FISCAL VALUES(543,1018,3,39,1.0,0.0,0.0);
INSERT INTO ITENS_CUPOM_FISCAL VALUES(544,1018,4,38,1.0,0.0,0.0);
INSERT INTO ITENS_CUPOM_FISCAL VALUES(545,1018,5,35,1.0,0.0,0.0);
INSERT INTO ITENS_CUPOM_FISCAL VALUES(546,1018,6,36,1.0,0.0,0.0);
INSERT INTO ITENS_CUPOM_FISCAL VALUES(547,1018,7,85,1.0,0.0,0.0);
INSERT INTO ITENS_CUPOM_FISCAL VALUES(548,1018,8,96,1.0,0.0,0.0);
INSERT INTO ITENS_CUPOM_FISCAL VALUES(549,1018,9,94,1.0,0.0,0.0);
INSERT INTO ITENS_CUPOM_FISCAL VALUES(550,1018,10,58,1.0,0.0,0.0);
INSERT INTO ITENS_CUPOM_FISCAL VALUES(551,1018,11,86,1.0,0.0,0.0);
INSERT INTO ITENS_CUPOM_FISCAL VALUES(552,1018,12,87,1.0,0.0,0.0);
INSERT INTO ITENS_CUPOM_FISCAL VALUES(553,1018,13,54,1.0,0.0,0.0);
INSERT INTO ITENS_CUPOM_FISCAL VALUES(554,1018,14,64,1.0,0.0,0.0);
INSERT INTO ITENS_CUPOM_FISCAL VALUES(555,1018,15,14,1.0,0.0,0.0);
INSERT INTO ITENS_CUPOM_FISCAL VALUES(556,1018,16,15,1.0,0.0,0.0);
INSERT INTO ITENS_CUPOM_FISCAL VALUES(557,1018,17,16,1.0,0.0,0.0);
INSERT INTO ITENS_CUPOM_FISCAL VALUES(558,1018,18,19,1.0,0.0,0.0);
INSERT INTO ITENS_CUPOM_FISCAL VALUES(559,1018,19,18,1.0,0.0,0.0);
INSERT INTO ITENS_CUPOM_FISCAL VALUES(560,1018,20,17,1.0,0.0,0.0);
INSERT INTO ITENS_CUPOM_FISCAL VALUES(561,1018,21,125,1.0,0.0,0.0);
INSERT INTO ITENS_CUPOM_FISCAL VALUES(562,1018,22,32,1.0,0.0,0.0);
INSERT INTO ITENS_CUPOM_FISCAL VALUES(563,1018,23,36,1.0,0.0,0.0);
INSERT INTO ITENS_CUPOM_FISCAL VALUES(564,1018,24,35,1.0,0.0,0.0);
INSERT INTO ITENS_CUPOM_FISCAL VALUES(565,1018,25,34,1.0,0.0,0.0);
INSERT INTO ITENS_CUPOM_FISCAL VALUES(566,1018,26,39,1.0,0.0,0.0);
INSERT INTO ITENS_CUPOM_FISCAL VALUES(567,1018,27,38,1.0,0.0,0.0);
INSERT INTO ITENS_CUPOM_FISCAL VALUES(568,1018,28,37,1.0,0.0,0.0);
INSERT INTO ITENS_CUPOM_FISCAL VALUES(569,1018,29,52,1.0,0.0,0.0);
INSERT INTO ITENS_CUPOM_FISCAL VALUES(570,1018,30,28,1.0,0.0,0.0);
INSERT INTO ITENS_CUPOM_FISCAL VALUES(571,1019,1,93,1.0,0.0,0.0);
INSERT INTO ITENS_CUPOM_FISCAL VALUES(572,1019,2,30,1.0,0.0,0.0);
INSERT INTO ITENS_CUPOM_FISCAL VALUES(573,1019,3,31,1.0,0.0,0.0);
INSERT INTO ITENS_CUPOM_FISCAL VALUES(574,1019,4,36,1.0,0.0,0.0);
INSERT INTO ITENS_CUPOM_FISCAL VALUES(575,1019,5,32,1.0,0.0,0.0);
INSERT INTO ITENS_CUPOM_FISCAL VALUES(576,1019,6,35,1.0,0.0,0.0);
INSERT INTO ITENS_CUPOM_FISCAL VALUES(577,1019,7,34,1.0,0.0,0.0);
INSERT INTO ITENS_CUPOM_FISCAL VALUES(578,1019,8,39,1.0,0.0,0.0);
INSERT INTO ITENS_CUPOM_FISCAL VALUES(579,1019,9,38,1.0,0.0,0.0);
INSERT INTO ITENS_CUPOM_FISCAL VALUES(580,1019,10,37,1.0,0.0,0.0);
INSERT INTO ITENS_CUPOM_FISCAL VALUES(581,1019,11,63,1.0,0.0,0.0);
INSERT INTO ITENS_CUPOM_FISCAL VALUES(582,1019,12,65,1.0,0.0,0.0);
INSERT INTO ITENS_CUPOM_FISCAL VALUES(583,1019,13,64,1.0,0.0,0.0);
INSERT INTO ITENS_CUPOM_FISCAL VALUES(584,1019,14,69,1.0,0.0,0.0);
INSERT INTO ITENS_CUPOM_FISCAL VALUES(585,1019,15,68,1.0,0.0,0.0);
INSERT INTO ITENS_CUPOM_FISCAL VALUES(586,1019,16,67,1.0,0.0,0.0);
INSERT INTO ITENS_CUPOM_FISCAL VALUES(587,1019,17,74,1.0,0.0,0.0);
INSERT INTO ITENS_CUPOM_FISCAL VALUES(588,1019,18,45,1.0,0.0,0.0);
INSERT INTO ITENS_CUPOM_FISCAL VALUES(589,1019,19,36,1.0,0.0,0.0);
INSERT INTO ITENS_CUPOM_FISCAL VALUES(590,1019,20,52,1.0,0.0,0.0);
INSERT INTO ITENS_CUPOM_FISCAL VALUES(591,1019,21,85,1.0,0.0,0.0);
INSERT INTO ITENS_CUPOM_FISCAL VALUES(592,1019,22,75,1.0,0.0,0.0);
INSERT INTO ITENS_CUPOM_FISCAL VALUES(593,1019,23,95,1.0,0.0,0.0);
INSERT INTO ITENS_CUPOM_FISCAL VALUES(594,1019,24,65,1.0,0.0,0.0);
INSERT INTO ITENS_CUPOM_FISCAL VALUES(595,1019,25,45,1.0,0.0,0.0);
INSERT INTO ITENS_CUPOM_FISCAL VALUES(596,1019,26,201,1.0,0.0,0.0);
INSERT INTO ITENS_CUPOM_FISCAL VALUES(597,1019,27,203,1.0,0.0,0.0);
INSERT INTO ITENS_CUPOM_FISCAL VALUES(598,1019,28,159,1.0,0.0,0.0);
INSERT INTO ITENS_CUPOM_FISCAL VALUES(599,1019,29,12,1.0,0.0,0.0);
INSERT INTO ITENS_CUPOM_FISCAL VALUES(600,1019,30,142,1.0,0.0,0.0);
INSERT INTO ITENS_CUPOM_FISCAL VALUES(601,1020,1,154,1.0,0.0,0.0);
INSERT INTO ITENS_CUPOM_FISCAL VALUES(602,1020,2,133,1.0,0.0,0.0);
INSERT INTO ITENS_CUPOM_FISCAL VALUES(603,1020,3,147,1.0,0.0,0.0);
INSERT INTO ITENS_CUPOM_FISCAL VALUES(604,1020,4,58,1.0,0.0,0.0);
INSERT INTO ITENS_CUPOM_FISCAL VALUES(605,1020,5,32,1.0,0.0,0.0);
INSERT INTO ITENS_CUPOM_FISCAL VALUES(606,1020,6,56,1.0,0.0,0.0);
INSERT INTO ITENS_CUPOM_FISCAL VALUES(607,1020,7,58,1.0,0.0,0.0);
INSERT INTO ITENS_CUPOM_FISCAL VALUES(608,1020,8,52,1.0,0.0,0.0);
INSERT INTO ITENS_CUPOM_FISCAL VALUES(609,1020,9,47,1.0,0.0,0.0);
INSERT INTO ITENS_CUPOM_FISCAL VALUES(610,1020,10,81,1.0,0.0,0.0);
INSERT INTO ITENS_CUPOM_FISCAL VALUES(611,1020,11,91,1.0,0.0,0.0);
INSERT INTO ITENS_CUPOM_FISCAL VALUES(612,1020,12,90,1.0,0.0,0.0);
INSERT INTO ITENS_CUPOM_FISCAL VALUES(613,1020,13,182,1.0,0.0,0.0);
INSERT INTO ITENS_CUPOM_FISCAL VALUES(614,1020,14,39,1.0,0.0,0.0);
INSERT INTO ITENS_CUPOM_FISCAL VALUES(615,1020,15,20,1.0,0.0,0.0);
INSERT INTO ITENS_CUPOM_FISCAL VALUES(616,1020,16,125,1.0,0.0,0.0);
INSERT INTO ITENS_CUPOM_FISCAL VALUES(617,1020,17,142,1.0,0.0,0.0);
INSERT INTO ITENS_CUPOM_FISCAL VALUES(618,1020,18,123,1.0,0.0,0.0);
INSERT INTO ITENS_CUPOM_FISCAL VALUES(619,1020,19,145,1.0,0.0,0.0);
INSERT INTO ITENS_CUPOM_FISCAL VALUES(620,1020,20,124,1.0,0.0,0.0);
INSERT INTO ITENS_CUPOM_FISCAL VALUES(621,1020,21,125,1.0,0.0,0.0);
INSERT INTO ITENS_CUPOM_FISCAL VALUES(622,1020,22,126,1.0,0.0,0.0);
INSERT INTO ITENS_CUPOM_FISCAL VALUES(623,1020,23,178,1.0,0.0,0.0);
INSERT INTO ITENS_CUPOM_FISCAL VALUES(624,1020,24,179,1.0,0.0,0.0);
INSERT INTO ITENS_CUPOM_FISCAL VALUES(625,1020,25,198,1.0,0.0,0.0);
INSERT INTO ITENS_CUPOM_FISCAL VALUES(626,1020,26,174,1.0,0.0,0.0);
INSERT INTO ITENS_CUPOM_FISCAL VALUES(627,1020,27,148,1.0,0.0,0.0);
INSERT INTO ITENS_CUPOM_FISCAL VALUES(628,1020,28,132,1.0,0.0,0.0);
INSERT INTO ITENS_CUPOM_FISCAL VALUES(629,1020,29,165,1.0,0.0,0.0);
INSERT INTO ITENS_CUPOM_FISCAL VALUES(630,1020,30,162,1.0,0.0,0.0);
INSERT INTO ITENS_CUPOM_FISCAL VALUES(631,1021,1,154,1.0,0.0,0.0);
INSERT INTO ITENS_CUPOM_FISCAL VALUES(632,1021,2,200,1.0,0.0,0.0);
INSERT INTO ITENS_CUPOM_FISCAL VALUES(633,1021,3,201,1.0,0.0,0.0);
INSERT INTO ITENS_CUPOM_FISCAL VALUES(634,1021,4,202,1.0,0.0,0.0);
INSERT INTO ITENS_CUPOM_FISCAL VALUES(635,1021,5,203,1.0,0.0,0.0);
INSERT INTO ITENS_CUPOM_FISCAL VALUES(636,1021,6,204,1.0,0.0,0.0);
INSERT INTO ITENS_CUPOM_FISCAL VALUES(637,1021,7,198,1.0,0.0,0.0);
INSERT INTO ITENS_CUPOM_FISCAL VALUES(638,1021,8,197,1.0,0.0,0.0);
INSERT INTO ITENS_CUPOM_FISCAL VALUES(639,1021,9,174,1.0,0.0,0.0);
INSERT INTO ITENS_CUPOM_FISCAL VALUES(640,1021,10,175,1.0,0.0,0.0);
INSERT INTO ITENS_CUPOM_FISCAL VALUES(641,1021,11,168,1.0,0.0,0.0);
INSERT INTO ITENS_CUPOM_FISCAL VALUES(642,1021,12,15,1.0,0.0,0.0);
INSERT INTO ITENS_CUPOM_FISCAL VALUES(643,1021,13,19,1.0,0.0,0.0);
INSERT INTO ITENS_CUPOM_FISCAL VALUES(644,1021,14,18,1.0,0.0,0.0);
INSERT INTO ITENS_CUPOM_FISCAL VALUES(645,1021,15,80,1.0,0.0,0.0);
INSERT INTO ITENS_CUPOM_FISCAL VALUES(646,1021,16,78,1.0,0.0,0.0);
INSERT INTO ITENS_CUPOM_FISCAL VALUES(647,1021,17,79,1.0,0.0,0.0);
INSERT INTO ITENS_CUPOM_FISCAL VALUES(648,1021,18,74,1.0,0.0,0.0);
INSERT INTO ITENS_CUPOM_FISCAL VALUES(649,1021,19,75,1.0,0.0,0.0);
INSERT INTO ITENS_CUPOM_FISCAL VALUES(650,1021,20,76,1.0,0.0,0.0);
INSERT INTO ITENS_CUPOM_FISCAL VALUES(651,1021,21,71,1.0,0.0,0.0);
INSERT INTO ITENS_CUPOM_FISCAL VALUES(652,1021,22,72,1.0,0.0,0.0);
INSERT INTO ITENS_CUPOM_FISCAL VALUES(653,1021,23,73,1.0,0.0,0.0);
INSERT INTO ITENS_CUPOM_FISCAL VALUES(654,1021,24,23,1.0,0.0,0.0);
INSERT INTO ITENS_CUPOM_FISCAL VALUES(655,1021,25,26,1.0,0.0,0.0);
INSERT INTO ITENS_CUPOM_FISCAL VALUES(656,1021,26,25,1.0,0.0,0.0);
INSERT INTO ITENS_CUPOM_FISCAL VALUES(657,1021,27,24,1.0,0.0,0.0);
INSERT INTO ITENS_CUPOM_FISCAL VALUES(658,1021,28,27,1.0,0.0,0.0);
INSERT INTO ITENS_CUPOM_FISCAL VALUES(659,1021,29,29,1.0,0.0,0.0);
INSERT INTO ITENS_CUPOM_FISCAL VALUES(660,1021,30,28,1.0,0.0,0.0);
INSERT INTO ITENS_CUPOM_FISCAL VALUES(661,1022,1,21,1.0,0.0,0.0);
INSERT INTO ITENS_CUPOM_FISCAL VALUES(662,1022,2,95,1.0,0.0,0.0);
INSERT INTO ITENS_CUPOM_FISCAL VALUES(663,1022,3,98,1.0,0.0,0.0);
INSERT INTO ITENS_CUPOM_FISCAL VALUES(664,1022,4,97,1.0,0.0,0.0);
INSERT INTO ITENS_CUPOM_FISCAL VALUES(665,1022,5,96,1.0,0.0,0.0);
INSERT INTO ITENS_CUPOM_FISCAL VALUES(666,1022,6,94,1.0,0.0,0.0);
INSERT INTO ITENS_CUPOM_FISCAL VALUES(667,1022,7,93,1.0,0.0,0.0);
INSERT INTO ITENS_CUPOM_FISCAL VALUES(668,1022,8,92,1.0,0.0,0.0);
INSERT INTO ITENS_CUPOM_FISCAL VALUES(669,1022,9,91,1.0,0.0,0.0);
INSERT INTO ITENS_CUPOM_FISCAL VALUES(670,1022,10,41,1.0,0.0,0.0);
INSERT INTO ITENS_CUPOM_FISCAL VALUES(671,1022,11,42,1.0,0.0,0.0);
INSERT INTO ITENS_CUPOM_FISCAL VALUES(672,1022,12,43,1.0,0.0,0.0);
INSERT INTO ITENS_CUPOM_FISCAL VALUES(673,1022,13,46,1.0,0.0,0.0);
INSERT INTO ITENS_CUPOM_FISCAL VALUES(674,1022,14,45,1.0,0.0,0.0);
INSERT INTO ITENS_CUPOM_FISCAL VALUES(675,1022,15,48,1.0,0.0,0.0);
INSERT INTO ITENS_CUPOM_FISCAL VALUES(676,1022,16,10,1.0,0.0,0.0);
INSERT INTO ITENS_CUPOM_FISCAL VALUES(677,1022,17,12,1.0,0.0,0.0);
INSERT INTO ITENS_CUPOM_FISCAL VALUES(678,1022,18,13,1.0,0.0,0.0);
INSERT INTO ITENS_CUPOM_FISCAL VALUES(679,1022,19,11,1.0,0.0,0.0);
INSERT INTO ITENS_CUPOM_FISCAL VALUES(680,1022,20,14,1.0,0.0,0.0);
INSERT INTO ITENS_CUPOM_FISCAL VALUES(681,1022,21,151,1.0,0.0,0.0);
INSERT INTO ITENS_CUPOM_FISCAL VALUES(682,1022,22,85,1.0,0.0,0.0);
INSERT INTO ITENS_CUPOM_FISCAL VALUES(683,1022,23,16,1.0,0.0,0.0);
INSERT INTO ITENS_CUPOM_FISCAL VALUES(684,1022,24,17,1.0,0.0,0.0);
INSERT INTO ITENS_CUPOM_FISCAL VALUES(685,1022,25,18,1.0,0.0,0.0);
INSERT INTO ITENS_CUPOM_FISCAL VALUES(686,1022,26,19,1.0,0.0,0.0);
INSERT INTO ITENS_CUPOM_FISCAL VALUES(687,1022,27,132,1.0,0.0,0.0);
INSERT INTO ITENS_CUPOM_FISCAL VALUES(688,1022,28,20,1.0,0.0,0.0);
INSERT INTO ITENS_CUPOM_FISCAL VALUES(689,1022,29,30,1.0,0.0,0.0);
INSERT INTO ITENS_CUPOM_FISCAL VALUES(690,1022,30,40,1.0,0.0,0.0);
INSERT INTO ITENS_CUPOM_FISCAL VALUES(691,1023,1,50,1.0,0.0,0.0);
INSERT INTO ITENS_CUPOM_FISCAL VALUES(692,1023,2,60,1.0,0.0,0.0);
INSERT INTO ITENS_CUPOM_FISCAL VALUES(693,1023,3,90,1.0,0.0,0.0);
INSERT INTO ITENS_CUPOM_FISCAL VALUES(694,1023,4,80,1.0,0.0,0.0);
INSERT INTO ITENS_CUPOM_FISCAL VALUES(695,1023,5,70,1.0,0.0,0.0);
INSERT INTO ITENS_CUPOM_FISCAL VALUES(696,1023,6,71,1.0,0.0,0.0);
INSERT INTO ITENS_CUPOM_FISCAL VALUES(697,1023,7,78,1.0,0.0,0.0);
INSERT INTO ITENS_CUPOM_FISCAL VALUES(698,1023,8,79,1.0,0.0,0.0);
INSERT INTO ITENS_CUPOM_FISCAL VALUES(699,1023,9,74,1.0,0.0,0.0);
INSERT INTO ITENS_CUPOM_FISCAL VALUES(700,1023,10,85,1.0,0.0,0.0);
INSERT INTO ITENS_CUPOM_FISCAL VALUES(701,1023,11,96,1.0,0.0,0.0);
INSERT INTO ITENS_CUPOM_FISCAL VALUES(702,1023,12,63,1.0,0.0,0.0);
INSERT INTO ITENS_CUPOM_FISCAL VALUES(703,1023,13,52,1.0,0.0,0.0);
INSERT INTO ITENS_CUPOM_FISCAL VALUES(704,1023,14,42,1.0,0.0,0.0);
INSERT INTO ITENS_CUPOM_FISCAL VALUES(705,1023,15,129,1.0,0.0,0.0);
INSERT INTO ITENS_CUPOM_FISCAL VALUES(706,1023,16,14,1.0,0.0,0.0);
INSERT INTO ITENS_CUPOM_FISCAL VALUES(707,1023,17,17,1.0,0.0,0.0);
INSERT INTO ITENS_CUPOM_FISCAL VALUES(708,1023,18,18,1.0,0.0,0.0);
INSERT INTO ITENS_CUPOM_FISCAL VALUES(709,1023,19,15,1.0,0.0,0.0);
INSERT INTO ITENS_CUPOM_FISCAL VALUES(710,1023,20,19,1.0,0.0,0.0);
INSERT INTO ITENS_CUPOM_FISCAL VALUES(711,1023,21,16,1.0,0.0,0.0);
INSERT INTO ITENS_CUPOM_FISCAL VALUES(712,1023,22,12,1.0,0.0,0.0);
INSERT INTO ITENS_CUPOM_FISCAL VALUES(713,1023,23,13,1.0,0.0,0.0);
INSERT INTO ITENS_CUPOM_FISCAL VALUES(714,1023,24,21,1.0,0.0,0.0);
INSERT INTO ITENS_CUPOM_FISCAL VALUES(715,1023,25,24,1.0,0.0,0.0);
INSERT INTO ITENS_CUPOM_FISCAL VALUES(716,1023,26,25,1.0,0.0,0.0);
INSERT INTO ITENS_CUPOM_FISCAL VALUES(717,1023,27,23,1.0,0.0,0.0);
INSERT INTO ITENS_CUPOM_FISCAL VALUES(718,1023,28,26,1.0,0.0,0.0);
INSERT INTO ITENS_CUPOM_FISCAL VALUES(719,1023,29,29,1.0,0.0,0.0);
INSERT INTO ITENS_CUPOM_FISCAL VALUES(720,1023,30,28,1.0,0.0,0.0);
INSERT INTO ITENS_CUPOM_FISCAL VALUES(721,1024,1,72,1.0,0.0,0.0);
INSERT INTO ITENS_CUPOM_FISCAL VALUES(722,1024,2,27,1.0,0.0,0.0);
INSERT INTO ITENS_CUPOM_FISCAL VALUES(723,1024,3,32,1.0,0.0,0.0);
INSERT INTO ITENS_CUPOM_FISCAL VALUES(724,1024,4,31,1.0,0.0,0.0);
INSERT INTO ITENS_CUPOM_FISCAL VALUES(725,1024,5,36,1.0,0.0,0.0);
INSERT INTO ITENS_CUPOM_FISCAL VALUES(726,1024,6,35,1.0,0.0,0.0);
INSERT INTO ITENS_CUPOM_FISCAL VALUES(727,1024,7,34,1.0,0.0,0.0);
INSERT INTO ITENS_CUPOM_FISCAL VALUES(728,1024,8,39,1.0,0.0,0.0);
INSERT INTO ITENS_CUPOM_FISCAL VALUES(729,1024,9,38,1.0,0.0,0.0);
INSERT INTO ITENS_CUPOM_FISCAL VALUES(730,1024,10,37,1.0,0.0,0.0);
INSERT INTO ITENS_CUPOM_FISCAL VALUES(731,1024,11,63,1.0,0.0,0.0);
INSERT INTO ITENS_CUPOM_FISCAL VALUES(732,1024,12,62,1.0,0.0,0.0);
INSERT INTO ITENS_CUPOM_FISCAL VALUES(733,1024,13,65,1.0,0.0,0.0);
INSERT INTO ITENS_CUPOM_FISCAL VALUES(734,1024,14,69,1.0,0.0,0.0);
INSERT INTO ITENS_CUPOM_FISCAL VALUES(735,1024,15,68,1.0,0.0,0.0);
INSERT INTO ITENS_CUPOM_FISCAL VALUES(736,1024,16,72,1.0,0.0,0.0);
INSERT INTO ITENS_CUPOM_FISCAL VALUES(737,1024,17,85,1.0,0.0,0.0);
INSERT INTO ITENS_CUPOM_FISCAL VALUES(738,1024,18,79,1.0,0.0,0.0);
INSERT INTO ITENS_CUPOM_FISCAL VALUES(739,1024,19,76,1.0,0.0,0.0);
INSERT INTO ITENS_CUPOM_FISCAL VALUES(740,1024,20,75,1.0,0.0,0.0);
INSERT INTO ITENS_CUPOM_FISCAL VALUES(741,1024,21,74,1.0,0.0,0.0);
INSERT INTO ITENS_CUPOM_FISCAL VALUES(742,1024,22,71,1.0,0.0,0.0);
INSERT INTO ITENS_CUPOM_FISCAL VALUES(743,1024,23,72,1.0,0.0,0.0);
INSERT INTO ITENS_CUPOM_FISCAL VALUES(744,1024,24,73,1.0,0.0,0.0);
INSERT INTO ITENS_CUPOM_FISCAL VALUES(745,1024,25,70,1.0,0.0,0.0);
INSERT INTO ITENS_CUPOM_FISCAL VALUES(746,1024,26,10,1.0,0.0,0.0);
INSERT INTO ITENS_CUPOM_FISCAL VALUES(747,1024,27,12,1.0,0.0,0.0);
INSERT INTO ITENS_CUPOM_FISCAL VALUES(748,1024,28,13,1.0,0.0,0.0);
INSERT INTO ITENS_CUPOM_FISCAL VALUES(749,1024,29,14,1.0,0.0,0.0);
INSERT INTO ITENS_CUPOM_FISCAL VALUES(750,1024,30,15,1.0,0.0,0.0);
INSERT INTO ITENS_CUPOM_FISCAL VALUES(751,1025,1,16,1.0,0.0,0.0);
INSERT INTO ITENS_CUPOM_FISCAL VALUES(752,1025,2,19,1.0,0.0,0.0);
INSERT INTO ITENS_CUPOM_FISCAL VALUES(753,1025,3,18,1.0,0.0,0.0);
INSERT INTO ITENS_CUPOM_FISCAL VALUES(754,1025,4,17,1.0,0.0,0.0);
INSERT INTO ITENS_CUPOM_FISCAL VALUES(755,1025,5,125,1.0,0.0,0.0);
INSERT INTO ITENS_CUPOM_FISCAL VALUES(756,1025,6,32,1.0,0.0,0.0);
INSERT INTO ITENS_CUPOM_FISCAL VALUES(757,1025,7,36,1.0,0.0,0.0);
INSERT INTO ITENS_CUPOM_FISCAL VALUES(758,1025,8,35,1.0,0.0,0.0);
INSERT INTO ITENS_CUPOM_FISCAL VALUES(759,1025,9,34,1.0,0.0,0.0);
INSERT INTO ITENS_CUPOM_FISCAL VALUES(760,1025,10,39,1.0,0.0,0.0);
INSERT INTO ITENS_CUPOM_FISCAL VALUES(761,1025,11,38,1.0,0.0,0.0);
INSERT INTO ITENS_CUPOM_FISCAL VALUES(762,1025,12,37,1.0,0.0,0.0);
INSERT INTO ITENS_CUPOM_FISCAL VALUES(763,1025,13,52,1.0,0.0,0.0);
INSERT INTO ITENS_CUPOM_FISCAL VALUES(764,1025,14,28,1.0,0.0,0.0);
INSERT INTO ITENS_CUPOM_FISCAL VALUES(765,1025,15,93,1.0,0.0,0.0);
INSERT INTO ITENS_CUPOM_FISCAL VALUES(766,1025,16,30,1.0,0.0,0.0);
INSERT INTO ITENS_CUPOM_FISCAL VALUES(767,1025,17,31,1.0,0.0,0.0);
INSERT INTO ITENS_CUPOM_FISCAL VALUES(768,1025,18,36,1.0,0.0,0.0);
INSERT INTO ITENS_CUPOM_FISCAL VALUES(769,1025,19,32,1.0,0.0,0.0);
INSERT INTO ITENS_CUPOM_FISCAL VALUES(770,1025,20,35,1.0,0.0,0.0);
INSERT INTO ITENS_CUPOM_FISCAL VALUES(771,1025,21,34,1.0,0.0,0.0);
INSERT INTO ITENS_CUPOM_FISCAL VALUES(772,1025,22,39,1.0,0.0,0.0);
INSERT INTO ITENS_CUPOM_FISCAL VALUES(773,1025,23,38,1.0,0.0,0.0);
INSERT INTO ITENS_CUPOM_FISCAL VALUES(774,1025,24,37,1.0,0.0,0.0);
INSERT INTO ITENS_CUPOM_FISCAL VALUES(775,1025,25,63,1.0,0.0,0.0);
INSERT INTO ITENS_CUPOM_FISCAL VALUES(776,1025,26,65,1.0,0.0,0.0);
INSERT INTO ITENS_CUPOM_FISCAL VALUES(777,1025,27,64,1.0,0.0,0.0);
INSERT INTO ITENS_CUPOM_FISCAL VALUES(778,1025,28,69,1.0,0.0,0.0);
INSERT INTO ITENS_CUPOM_FISCAL VALUES(779,1025,29,68,1.0,0.0,0.0);
INSERT INTO ITENS_CUPOM_FISCAL VALUES(780,1025,30,67,1.0,0.0,0.0);
INSERT INTO ITENS_CUPOM_FISCAL VALUES(781,1026,1,74,1.0,0.0,0.0);
INSERT INTO ITENS_CUPOM_FISCAL VALUES(782,1026,2,45,1.0,0.0,0.0);
INSERT INTO ITENS_CUPOM_FISCAL VALUES(783,1026,3,36,1.0,0.0,0.0);
INSERT INTO ITENS_CUPOM_FISCAL VALUES(784,1026,4,52,1.0,0.0,0.0);
INSERT INTO ITENS_CUPOM_FISCAL VALUES(785,1026,5,85,1.0,0.0,0.0);
INSERT INTO ITENS_CUPOM_FISCAL VALUES(786,1026,6,75,1.0,0.0,0.0);
INSERT INTO ITENS_CUPOM_FISCAL VALUES(787,1026,7,95,1.0,0.0,0.0);
INSERT INTO ITENS_CUPOM_FISCAL VALUES(788,1026,8,65,1.0,0.0,0.0);
INSERT INTO ITENS_CUPOM_FISCAL VALUES(789,1026,9,45,1.0,0.0,0.0);
INSERT INTO ITENS_CUPOM_FISCAL VALUES(790,1026,10,201,1.0,0.0,0.0);
INSERT INTO ITENS_CUPOM_FISCAL VALUES(791,1026,11,203,1.0,0.0,0.0);
INSERT INTO ITENS_CUPOM_FISCAL VALUES(792,1026,12,159,1.0,0.0,0.0);
INSERT INTO ITENS_CUPOM_FISCAL VALUES(793,1026,13,12,1.0,0.0,0.0);
INSERT INTO ITENS_CUPOM_FISCAL VALUES(794,1026,14,142,1.0,0.0,0.0);
INSERT INTO ITENS_CUPOM_FISCAL VALUES(795,1026,15,154,1.0,0.0,0.0);
INSERT INTO ITENS_CUPOM_FISCAL VALUES(796,1026,16,133,1.0,0.0,0.0);
INSERT INTO ITENS_CUPOM_FISCAL VALUES(797,1026,17,147,1.0,0.0,0.0);
INSERT INTO ITENS_CUPOM_FISCAL VALUES(798,1026,18,148,1.0,0.0,0.0);
INSERT INTO ITENS_CUPOM_FISCAL VALUES(799,1026,19,149,1.0,0.0,0.0);
INSERT INTO ITENS_CUPOM_FISCAL VALUES(800,1026,20,145,1.0,0.0,0.0);
INSERT INTO ITENS_CUPOM_FISCAL VALUES(801,1026,21,165,1.0,0.0,0.0);
INSERT INTO ITENS_CUPOM_FISCAL VALUES(802,1026,22,132,1.0,0.0,0.0);
INSERT INTO ITENS_CUPOM_FISCAL VALUES(803,1026,23,165,1.0,0.0,0.0);
INSERT INTO ITENS_CUPOM_FISCAL VALUES(804,1026,24,142,1.0,0.0,0.0);
INSERT INTO ITENS_CUPOM_FISCAL VALUES(805,1026,25,132,1.0,0.0,0.0);
INSERT INTO ITENS_CUPOM_FISCAL VALUES(806,1026,26,198,1.0,0.0,0.0);
INSERT INTO ITENS_CUPOM_FISCAL VALUES(807,1026,27,187,1.0,0.0,0.0);
INSERT INTO ITENS_CUPOM_FISCAL VALUES(808,1026,28,142,1.0,0.0,0.0);
INSERT INTO ITENS_CUPOM_FISCAL VALUES(809,1026,29,149,1.0,0.0,0.0);
INSERT INTO ITENS_CUPOM_FISCAL VALUES(810,1026,30,129,1.0,0.0,0.0);
INSERT INTO ITENS_CUPOM_FISCAL VALUES(811,1027,1,15,1.0,0.0,0.0);
INSERT INTO ITENS_CUPOM_FISCAL VALUES(812,1027,2,181,1.0,0.0,0.0);
INSERT INTO ITENS_CUPOM_FISCAL VALUES(813,1027,3,19,1.0,0.0,0.0);
INSERT INTO ITENS_CUPOM_FISCAL VALUES(814,1027,4,17,1.0,0.0,0.0);
INSERT INTO ITENS_CUPOM_FISCAL VALUES(815,1027,5,16,1.0,0.0,0.0);
INSERT INTO ITENS_CUPOM_FISCAL VALUES(816,1027,6,10,1.0,0.0,0.0);
INSERT INTO ITENS_CUPOM_FISCAL VALUES(817,1027,7,11,1.0,0.0,0.0);
INSERT INTO ITENS_CUPOM_FISCAL VALUES(818,1027,8,12,1.0,0.0,0.0);
INSERT INTO ITENS_CUPOM_FISCAL VALUES(819,1027,9,145,1.0,0.0,0.0);
INSERT INTO ITENS_CUPOM_FISCAL VALUES(820,1027,10,123,1.0,0.0,0.0);
INSERT INTO ITENS_CUPOM_FISCAL VALUES(821,1027,11,5,1.0,0.0,0.0);
INSERT INTO ITENS_CUPOM_FISCAL VALUES(822,1027,12,9,1.0,0.0,0.0);
INSERT INTO ITENS_CUPOM_FISCAL VALUES(823,1027,13,8,1.0,0.0,0.0);
INSERT INTO ITENS_CUPOM_FISCAL VALUES(824,1027,14,7,1.0,0.0,0.0);
INSERT INTO ITENS_CUPOM_FISCAL VALUES(825,1027,15,3,1.0,0.0,0.0);
INSERT INTO ITENS_CUPOM_FISCAL VALUES(826,1027,16,2,1.0,0.0,0.0);
INSERT INTO ITENS_CUPOM_FISCAL VALUES(827,1027,17,3,1.0,0.0,0.0);
INSERT INTO ITENS_CUPOM_FISCAL VALUES(828,1027,18,4,1.0,0.0,0.0);
INSERT INTO ITENS_CUPOM_FISCAL VALUES(829,1027,19,29,1.0,0.0,0.0);
INSERT INTO ITENS_CUPOM_FISCAL VALUES(830,1027,20,5,1.0,0.0,0.0);
INSERT INTO ITENS_CUPOM_FISCAL VALUES(831,1027,21,9,1.0,0.0,0.0);
INSERT INTO ITENS_CUPOM_FISCAL VALUES(832,1027,22,8,1.0,0.0,0.0);
INSERT INTO ITENS_CUPOM_FISCAL VALUES(833,1027,23,7,1.0,0.0,0.0);
INSERT INTO ITENS_CUPOM_FISCAL VALUES(834,1027,24,10,1.0,0.0,0.0);
INSERT INTO ITENS_CUPOM_FISCAL VALUES(835,1027,25,20,1.0,0.0,0.0);
INSERT INTO ITENS_CUPOM_FISCAL VALUES(836,1027,26,30,1.0,0.0,0.0);
INSERT INTO ITENS_CUPOM_FISCAL VALUES(837,1027,27,4,1.0,0.0,0.0);
INSERT INTO ITENS_CUPOM_FISCAL VALUES(838,1027,28,65,1.0,0.0,0.0);
INSERT INTO ITENS_CUPOM_FISCAL VALUES(839,1027,29,87,1.0,0.0,0.0);
INSERT INTO ITENS_CUPOM_FISCAL VALUES(840,1027,30,41,1.0,0.0,0.0);
INSERT INTO ITENS_CUPOM_FISCAL VALUES(841,1028,1,1,1.0,0.0,0.0);
INSERT INTO ITENS_CUPOM_FISCAL VALUES(842,1028,2,26,1.0,0.0,0.0);
INSERT INTO ITENS_CUPOM_FISCAL VALUES(843,1028,3,36,1.0,0.0,0.0);
INSERT INTO ITENS_CUPOM_FISCAL VALUES(844,1028,4,39,1.0,0.0,0.0);
INSERT INTO ITENS_CUPOM_FISCAL VALUES(845,1028,5,38,1.0,0.0,0.0);
INSERT INTO ITENS_CUPOM_FISCAL VALUES(846,1028,6,35,1.0,0.0,0.0);
INSERT INTO ITENS_CUPOM_FISCAL VALUES(847,1028,7,36,1.0,0.0,0.0);
INSERT INTO ITENS_CUPOM_FISCAL VALUES(848,1028,8,85,1.0,0.0,0.0);
INSERT INTO ITENS_CUPOM_FISCAL VALUES(849,1028,9,96,1.0,0.0,0.0);
INSERT INTO ITENS_CUPOM_FISCAL VALUES(850,1028,10,94,1.0,0.0,0.0);
INSERT INTO ITENS_CUPOM_FISCAL VALUES(851,1028,11,58,1.0,0.0,0.0);
INSERT INTO ITENS_CUPOM_FISCAL VALUES(852,1028,12,86,1.0,0.0,0.0);
INSERT INTO ITENS_CUPOM_FISCAL VALUES(853,1028,13,87,1.0,0.0,0.0);
INSERT INTO ITENS_CUPOM_FISCAL VALUES(854,1028,14,54,1.0,0.0,0.0);
INSERT INTO ITENS_CUPOM_FISCAL VALUES(855,1028,15,64,1.0,0.0,0.0);
INSERT INTO ITENS_CUPOM_FISCAL VALUES(856,1028,16,14,1.0,0.0,0.0);
INSERT INTO ITENS_CUPOM_FISCAL VALUES(857,1028,17,15,1.0,0.0,0.0);
INSERT INTO ITENS_CUPOM_FISCAL VALUES(858,1028,18,16,1.0,0.0,0.0);
INSERT INTO ITENS_CUPOM_FISCAL VALUES(859,1028,19,19,1.0,0.0,0.0);
INSERT INTO ITENS_CUPOM_FISCAL VALUES(860,1028,20,18,1.0,0.0,0.0);
INSERT INTO ITENS_CUPOM_FISCAL VALUES(861,1028,21,17,1.0,0.0,0.0);
INSERT INTO ITENS_CUPOM_FISCAL VALUES(862,1028,22,125,1.0,0.0,0.0);
INSERT INTO ITENS_CUPOM_FISCAL VALUES(863,1028,23,32,1.0,0.0,0.0);
INSERT INTO ITENS_CUPOM_FISCAL VALUES(864,1028,24,36,1.0,0.0,0.0);
INSERT INTO ITENS_CUPOM_FISCAL VALUES(865,1028,25,35,1.0,0.0,0.0);
INSERT INTO ITENS_CUPOM_FISCAL VALUES(866,1028,26,34,1.0,0.0,0.0);
INSERT INTO ITENS_CUPOM_FISCAL VALUES(867,1028,27,39,1.0,0.0,0.0);
INSERT INTO ITENS_CUPOM_FISCAL VALUES(868,1028,28,38,1.0,0.0,0.0);
INSERT INTO ITENS_CUPOM_FISCAL VALUES(869,1028,29,37,1.0,0.0,0.0);
INSERT INTO ITENS_CUPOM_FISCAL VALUES(870,1028,30,52,1.0,0.0,0.0);
INSERT INTO ITENS_CUPOM_FISCAL VALUES(871,1029,1,28,1.0,0.0,0.0);
INSERT INTO ITENS_CUPOM_FISCAL VALUES(872,1029,2,93,1.0,0.0,0.0);
INSERT INTO ITENS_CUPOM_FISCAL VALUES(873,1029,3,30,1.0,0.0,0.0);
INSERT INTO ITENS_CUPOM_FISCAL VALUES(874,1029,4,31,1.0,0.0,0.0);
INSERT INTO ITENS_CUPOM_FISCAL VALUES(875,1029,5,36,1.0,0.0,0.0);
INSERT INTO ITENS_CUPOM_FISCAL VALUES(876,1029,6,32,1.0,0.0,0.0);
INSERT INTO ITENS_CUPOM_FISCAL VALUES(877,1029,7,35,1.0,0.0,0.0);
INSERT INTO ITENS_CUPOM_FISCAL VALUES(878,1029,8,34,1.0,0.0,0.0);
INSERT INTO ITENS_CUPOM_FISCAL VALUES(879,1029,9,39,1.0,0.0,0.0);
INSERT INTO ITENS_CUPOM_FISCAL VALUES(880,1029,10,38,1.0,0.0,0.0);
INSERT INTO ITENS_CUPOM_FISCAL VALUES(881,1029,11,37,1.0,0.0,0.0);
INSERT INTO ITENS_CUPOM_FISCAL VALUES(882,1029,12,63,1.0,0.0,0.0);
INSERT INTO ITENS_CUPOM_FISCAL VALUES(883,1029,13,65,1.0,0.0,0.0);
INSERT INTO ITENS_CUPOM_FISCAL VALUES(884,1029,14,64,1.0,0.0,0.0);
INSERT INTO ITENS_CUPOM_FISCAL VALUES(885,1029,15,69,1.0,0.0,0.0);
INSERT INTO ITENS_CUPOM_FISCAL VALUES(886,1029,16,68,1.0,0.0,0.0);
INSERT INTO ITENS_CUPOM_FISCAL VALUES(887,1029,17,67,1.0,0.0,0.0);
INSERT INTO ITENS_CUPOM_FISCAL VALUES(888,1029,18,74,1.0,0.0,0.0);
INSERT INTO ITENS_CUPOM_FISCAL VALUES(889,1029,19,45,1.0,0.0,0.0);
INSERT INTO ITENS_CUPOM_FISCAL VALUES(890,1029,20,36,1.0,0.0,0.0);
INSERT INTO ITENS_CUPOM_FISCAL VALUES(891,1029,21,52,1.0,0.0,0.0);
INSERT INTO ITENS_CUPOM_FISCAL VALUES(892,1029,22,85,1.0,0.0,0.0);
INSERT INTO ITENS_CUPOM_FISCAL VALUES(893,1029,23,75,1.0,0.0,0.0);
INSERT INTO ITENS_CUPOM_FISCAL VALUES(894,1029,24,95,1.0,0.0,0.0);
INSERT INTO ITENS_CUPOM_FISCAL VALUES(895,1029,25,65,1.0,0.0,0.0);
INSERT INTO ITENS_CUPOM_FISCAL VALUES(896,1029,26,45,1.0,0.0,0.0);
INSERT INTO ITENS_CUPOM_FISCAL VALUES(897,1029,27,201,1.0,0.0,0.0);
INSERT INTO ITENS_CUPOM_FISCAL VALUES(898,1029,28,203,1.0,0.0,0.0);
INSERT INTO ITENS_CUPOM_FISCAL VALUES(899,1029,29,159,1.0,0.0,0.0);
INSERT INTO ITENS_CUPOM_FISCAL VALUES(900,1029,30,12,1.0,0.0,0.0);
DELETE FROM sqlite_sequence;
INSERT INTO sqlite_sequence VALUES('PRODUTOS',220);
INSERT INTO sqlite_sequence VALUES('NOTAS',1029);
INSERT INTO sqlite_sequence VALUES('CLIENTES',101);
INSERT INTO sqlite_sequence VALUES('ITENS_CUPOM_FISCAL',900);
INSERT INTO sqlite_sequence VALUES('ATENDENTES',10);
INSERT INTO sqlite_sequence VALUES('CIDADES',2);
COMMIT;
