
INSERT INTO PRODUTOS (PRODUTO_NOME,PRATELEIRA_ID,PRODUTO_QUANTIDADE,PRODUTO_VALOR_UN)
VALUES
('Banana',104,50,0),
('Melancia',104,50,0),
('Alface',104,50,0),
('Laranja',104,50,0),
('Cebola',104,50,0),
('Batata',104,50,0),
('Batata Doce',104,50,0),
('Brócolis',104,50,0),
('Repolho',104,50,0),
('Couve Flor',104,50,0),
('Manga',104,50,0),
('Tomate',104,50,0),
('Cenoura',104,50,0),
('Rabanete',104,50,0),
('Batata Salsa',104,50,0),
('Cebolinha',104,50,0),
('Salsinha',104,50,0),
('Agrião',104,50,0),
('Rúcula',104,50,0),
('Alface Americana',104,50,0),
('Beterraba',104,50,0),
('Beringela',104,50,0),
('Abacaxi',104,50,0),
('Cará',104,50,0),
('Taiá',104,50,0),
('Aipim',104,50,0),
('Tangerina',104,50,0),
('Caqui',104,50,0),
('Perâ',104,50,0),
('Abacate',104,50,0),
('Morango',104,50,0),
('Biscoito',103,50,0),
('Bolacha',103,50,0),
('Chocolate Preto',103,50,0),
('Chocolate Branco',103,50,0),
('Bala de Iogurte',103,50,0),
('Caixa De Bombom',103,50,0),
('Doce de Leite',103,50,0),
('Paçoca',103,50,0),
('Cocada',103,50,0),
('Goiabada ',103,50,0),
('Trufas',103,50,0),
('Maria mole',103,50,0),
('Chiclete',103,50,0),
('Leite Condensado',103,50,0),
('Pirulito',103,50,0),
('Kit Kat',103,50,0),
('Nescau',103,50,0),
('Bala Fini',103,50,0),
('Nutella',103,50,0),
('Tic Tac',103,50,0),
('Mentos',103,50,0),
('Azedinho',103,50,0),
('Trento',103,50,0),
('Barrinha',103,50,0),
('Bolinho',103,50,0),
('Amendoim',103,50,0),
('Halls',103,50,0),
('Pipoca Doce',103,50,0),
('Kinder Ovo',103,50,0),
('Gelatina',103,50,0),
('Marshmallow',103,50,0),
('Água',102,50,0),
('Cerveja',102,50,0),
('Refrigerante',102,50,0),
('Suco',102,50,0),
('Leite',102,50,0),
('Achocolatado',102,50,0),
('Vinho Branco',102,50,0),
('Vinho tinto',102,50,0),
('Vodka',102,50,0),
('Gim',102,50,0),
('Rum',102,50,0),
('Wisky',102,50,0),
('Licor',102,50,0),
('Curaçau',102,50,0),
('Chá',102,50,0),
('Soju',102,50,0),
('Saquê',102,50,0),
('Cachaça',102,50,0),
('Tequila',102,50,0),
('Conhaque',102,50,0),
('Champanhe',102,50,0),
('Absinto',102,50,0),
('Amarula',102,50,0),
('Limoncello',102,50,0),
('Pisco',102,50,0),
('Energético',102,50,0),
('Água de Coco',102,50,0),
('Água Tônica',102,50,0),
('Isotônico',102,50,0),
('Vinho Bordô',102,50,0),
('Água Com gás',102,50,0),
('Papel Higienico',101,50,0),
('Lenço umidecido',101,50,0),
('Creme dental',101,50,0),
('Escova dental',101,50,0),
('Fio dental',101,50,0),
('Shampoo',101,50,0),
('Sabonete',101,50,0),
('Condicionador',101,50,0),
('Desodorante',101,50,0),
('Fraldas',101,50,0),
('Cortador de unhas',101,50,0),
('Lixa de unhas',101,50,0),
('Creme de pentear',101,50,0),
('Cotonete',101,50,0),
('Creme hidratante',101,50,0),
('Pente',101,50,0),
('Escova Cabelos',101,50,0),
('Máscara',101,50,0),
('Enxaguante Bucal',101,50,0),
('Protetor Solar',101,50,0),
('Lamina de Barbear',101,50,0),
('Espuma de Barbear',101,50,0),
('Creme de Barbear',101,50,0),
('Talco',101,50,0),
('Algodão',101,50,0),
('Água Sanitária',107,50,0),
('Desinfetante',107,50,0),
('Sabão em Pedra',107,50,0),
('Sabão em Pó',107,50,0),
('Álcool em Gel',107,50,0),
('Limpa Vidros',107,50,0),
('Luvas de Borracha',107,50,0),
('Escova',107,50,0),
('Bombril',107,50,0),
('Detergente',107,50,0),
('Balde',107,50,0),
('Esponja',107,50,0),
('Desengordurante',107,50,0),
('Pano Multiuso',107,50,0),
('Lustra Móveis',107,50,0),
('Esfregão',107,50,0),
('Vassoura',107,50,0),
('Rodo',107,50,0),
('Palha de Aço',107,50,0),
('Sacos de Lixo',107,50,0),
('Tira-Manchas',107,50,0),
('Cera',107,50,0),
('Botas de Borracha',107,50,0),
('Amaciante',107,50,0),
('Desentupidor',107,50,0),
('Escovão',107,50,0),
('Inseticida',107,50,0),
('Mop',107,50,0),
('Limpa Forno',107,50,0),
('Odorizador de Ambientes',107,50,0),
('Pá para Lixo',107,50,0),
('Feijão',108,50,0),
('Trigo',108,50,0),
('Arroz',108,50,0),
('Farinha de milho',108,50,0),
('Farinha de trigo',108,50,0),
('Fermento',108,50,0),
('Macarrão espaguete',108,50,0),
('Farinha de mandioca',108,50,0),
('Óleo',108,50,0),
('Azeite',108,50,0),
('Sal',108,50,0),
('Açucar',108,50,0),
('Molho de tomate',108,50,0),
('Pão de forma',108,50,0),
('Manteiga',108,50,0),
('Farinha de tapioca',108,50,0),
('Aveia',108,50,0),
('Caixa de ovos',108,50,0),
('Temperos',108,50,0),
('Leite em pó',108,50,0),
('Macarrão parafuso',108,50,0),
('Fubá',108,50,0),
('Mistura para bolo',108,50,0),
('Cupim ',105,50,0),
('Picanha ',105,50,0),
('Fraldinha',105,50,0),
('Tatu',105,50,0),
('Bananinha',105,50,0),
('Figado',105,50,0),
('Filé Sete',105,50,0),
('Filé Simples',105,50,0),
('Filé Duplo',105,50,0),
('Filé Americano',105,50,0),
('Alcatra',105,50,0),
('Linguiça mista',105,50,0),
('Costela ',105,50,0),
('Filé Mignon',105,50,0),
('Minga',105,50,0),
('Acém',105,50,0),
('Fraldinha',105,50,0),
('Mortadela',106,50,0),
('Presunto ',106,50,0),
('Salame',106,50,0),
('Peito de peru',106,50,0),
('Lombo',106,50,0),
('Rosbife',106,50,0),
('Parma',106,50,0),
('Linguiça',106,50,0),
('Kafta',106,50,0),
('Mussarela',106,50,0),
('Parmesão',106,50,0),
('Gorgonzola',106,50,0),
('Brie',106,50,0),
('Cheddar',106,50,0),
('Gouda',106,50,0),
('Provolone',106,50,0),
('Prato',106,50,0),
('Pernil de porco',109,50,0),
('Costelinha de porco',109,50,0),
('Picanha suína',109,50,0),
('Lombo Suíno',109,50,0),
('Linguiça',109,50,0),
('Linguiça de Frango',110,50,0),
('Peito de Frango',110,50,0),
('Filé de Frango',110,50,0),
('Coxinha da Asa',110,50,0),
('Sobrecoxa de frango',110,50,0),
('Moela de frango',110,50,0),
('Frango Inteiro',110,50,0),
('Coxa de frango',110,50,0),
('Coração de galinha',110,50,0);

INSERT INTO PRATELEIRAS (PRATELEIRA_CODIGO,PRATELEIRA_NOME,PRATELEIRA_LOCALIZACAO) 
VALUES  
(101,'Prateleira Higiene','Corredor Higiene'), 
(102,'Prateleira Bebidas','Corredor Bebidas'), 
(103,'Prateleira Doces','Corredor Doces'), 
(104,'Prateleira Frutas','Corredor Frutas'), 
(105,'Prateleira Bovinos','Açougue'), 
(106,'Prateleira Frios','Corredor Frios'), 
(107,'Prateleira Limpeza','Corredor Limpeza'), 
(108,'Prateleira Utilidades','Corredor Utilidades'), 
(109,'Prateleira Suinos','Açougue'), 
(110,'Prateleira Aves','Açougue');

INSERT INTO ATENDENTES (ATENDENTE_NOME)
VALUES
('Claudio'),
('Willian'),
('Matheus'),
('Débora'),
('Marli'),
('Bruno'),
('Thiago'),
('Adriano'),
('João'),
('Maria');

INSERT INTO CLIENTES (CLIENTE_NOME,CLIENTE_TELEFONE,CLIENTE_CPF,CLIENTE_TOTAL_COMPRAS) 
VALUES 
('MARIA DA SILVA',4798765432,'123.456.789-11',0), 
('MARIA DOS SANTOS',4612345678,'123.456.789-12',0), 
('MARIA APARECIDA',4425925924,'123.456.789-13',0), 
('MARIA DE LOURDES',4239506170,'123.456.789-14',0), 
('MARIA DE FATIMA',4053086416,'123.456.789-15',0), 
('JOAO DA SILVA',3866666662,'123.456.789-16',0), 
('JOAO DOS SANTOS',3680246908,'123.456.789-17',0), 
('JOAO DE LIMA',3493827154,'123.456.789-18',0), 
('ALFREDO DA SILVA',3307407400,'123.456.789-19',0), 
('TOMAZ AQUINO',3120987646,'123.456.789-20',0), 
('ARMANDO NADA',2934567892,'123.456.789-21',0), 
('JOSE COSTA',2748148138,'123.456.789-22',0), 
('ANTONIO QUADROS',2561728384,'123.456.789-23',0), 
('JOSE CARLOS',2375308630,'123.456.789-24',0), 
('APARECIDA LENDO',2188888876,'123.456.789-25',0), 
('MARCOS JOSE',2002469122,'123.456.789-26',0), 
('FERNANDA SILVEIRA',1816049368,'123.456.789-27',0), 
('VITORIA SOUZA',1629629614,'123.456.789-28',0), 
('ELBA ROCHA',1443209860,'123.456.789-29',0), 
('NADIA RODRIGUES',1256790106,'123.456.789-30',0), 
('ANTONIO ROCHA',1070370352,'123.456.789-31',0), 
('ANA SOUZA',1325467985,'123.456.789-32',0), 
('DANIELA FARIA',1580565618,'123.456.789-33',0), 
('LIZA REIS',1835663251,'123.456.789-34',0), 
('CLEBER NUNES',2090760884,'123.456.789-35',0), 
('MARIANA PEREIRA',2345858517,'123.456.789-36',0), 
('NATALIA LOBO',2600956150,'123.456.789-37',0), 
('BARBARA SOUZA',2856053783,'123.456.789-38',0), 
('VERONICA ARAUJO',3111151416,'123.456.789-39',0), 
('CAMILA RISO',3366249049,'123.456.789-40',0), 
('LAURA ROSA',3621346682,'123.456.789-41',0), 
('JOSI TRINDADE',3876444315,'123.456.789-42',0), 
('KARINE COSTA',4131541948,'123.456.789-43',0), 
('MELISSA ALMEIDA',4386639581,'123.456.789-44',0), 
('FELIPE NERO',4641737214,'123.456.789-45',0), 
('KAUA PEREIRA',4896834847,'123.456.789-46',0), 
('CAMILA CAMPOS',5151932480,'123.456.789-47',0), 
('LUCAS ARAUJO',5407030113,'123.456.789-48',0), 
('BEATRIZ RAMOS',5662127746,'123.456.789-49',0), 
('NEYMAR JUSTO',5917225379,'123.456.789-50',0), 
('BRUNO ARAUJO',6172323012,'123.456.789-51',0), 
('SARA BATISTA',6427420645,'123.456.789-52',0), 
('HELEN CARVALHO',6682518278,'123.456.789-53',0), 
('RENATO SOBRAL',6937615911,'123.456.789-54',0), 
('OLIMPO MACHADO',7192713544,'123.456.789-55',0), 
('MICHELE BRAGA',7447811177,'123.456.789-56',0), 
('MARILDA CAVALCANTI',7702908810,'123.456.789-57',0), 
('CARLOS LIMA',7958006443,'123.456.789-58',0), 
('BABI PIRES',8213104076,'123.456.789-59',0), 
('SABRINE SOUZA',8468201709,'123.456.789-60',0), 
('EDUARDO SANTOS',8723299342,'123.456.789-61',0), 
('LUIZ CARVALHO',8978396975,'123.456.789-62',0), 
('HENRY CAVALCANTI',9233494608,'123.456.789-63',0), 
('JANAINA OLIVEIRA',9488592241,'123.456.789-64',0), 
('VITORIA LUIZA',9743689874,'123.456.789-65',0), 
('ANDRESSA CORREA',9998787507,'123.456.789-66',0), 
('SAMANTA GUZZI',1234567744,'123.456.789-67',0), 
('GIOVANI COELHO',1234567743,'123.456.789-68',0), 
('HELOISA COUTINHO',1234567742,'123.456.789-69',0), 
('BIANCO MENDES',1234567741,'123.456.789-70',0), 
('RENATA LOPES',1234567740,'123.456.789-71',0), 
('LARA AGUIAR',1234567739,'123.456.789-72',0), 
('DANI ZEN',1234567738,'123.456.789-73',0), 
('TAYSA MENDES',1234567737,'123.456.789-74',0), 
('HARIANE CARVALHO',1234567736,'123.456.789-75',0), 
('ALVARO GUIMARAES',1234567735,'123.456.789-76',0), 
('CAROL FONSECA',1234567734,'123.456.789-77',0), 
('ANA MILLER',1234567733,'123.456.789-78',0), 
('LUIZA FRATES',1234567732,'123.456.789-79',0), 
('RENAN MACEDO',1234567731,'123.456.789-80',0), 
('RAFAEL SANTOS',1234567730,'123.456.789-81',0), 
('MILENA PEREIRA',1234567729,'123.456.789-82',0), 
('MAYARA IMPALA',1234567728,'123.456.789-83',0), 
('JOANA ROSA',1234567727,'123.456.789-84',0), 
('JESSICA ALMEIDA',1234567726,'123.456.789-85',0), 
('ANA JULIA',1234567725,'123.456.789-86',0), 
('LIZA MATA',1234567724,'123.456.789-87',0), 
('GABI SANTANA',1234567723,'123.456.789-88',0), 
('CARLA ZANIN',1234567722,'123.456.789-89',0), 
('PAMELA NUNES',1234567721,'123.456.789-90',0),
('JOSEANE MENDONÇA',1234567720,'123.456.789-91',0), 
('DANIEL MONTES',1234567719,'123.456.789-92',0), 
('ANDREA RIBEIRO',1234567718,'123.456.789-93',0), 
('MARIA JULIA',1234567717,'123.456.789-94',0), 
('JOAO BRUCE',1234567716,'123.456.789-95',0), 
('GABRIELA SANTINI',1234567715,'123.456.789-96',0), 
('GREICE KELLY',1234567714,'123.456.789-97',0), 
('AMANDA NASCIMENTO',1234567713,'123.456.789-98',0), 
('LIDIANE SILVA',1234567712,'123.456.789-99',0), 
('LUAN GRACHA',1234567711,'123.456.789-10',0), 
('BRUNA KOBAL',1234567710,'123.456.789-09',0), 
('ISABELA SANTOS',1234567709,'123.456.789-08',0), 
('KELLY MELO',1234567708,'123.456.789-07',0), 
('LUIZA CARVALHO',1234567707,'123.456.789-06',0), 
('NANCY WOLF',1234567706,'123.456.789-05',0), 
('EDNALDO DIAS',1234567705,'123.456.789-04',0), 
('NICOLE SOUZA',1234567704,'123.456.789-03',0), 
('YAGO MELO',1234567703,'123.456.789-02',0), 
('MARGARETE PRESTES',1234567702,'123.456.789-01',0), 
('GUSTAVO SANTANA',1234567701,'123.456.789-00',0), 
('ALÍCIA CUNHA',1234567700,'123.456.788-00',0);

INSERT INTO ITENS_CUPOM_FISCAL (ITEN_CUPOM_FISCAL_NUMERO,ITEN_CUPOM_FISCAL_SEQUENCIA,ITEN_CUPOM_FISCAL_PRODUTO,
ITEN_CUPOM_FISCAL_QUANTIDADE,ITEN_CUPOM_FISCAL_VALOR_UN,ITEN_CUPOM_FISCAL_VALOR_TOT) 
VALUES  
    (1000,1,1,1,0,0),
    (1000,2,9,1,0,0),
    (1000,3,6,1,0,0),
    (1000,4,7,1,0,0),
    (1000,5,5,1,0,0),
    (1000,6,3,1,0,0),
    (1000,7,8,1,0,0),
    (1000,8,13,1,0,0),
    (1000,9,58,1,0,0),
    (1000,10,200,1,0,0),
    (1000,11,152,1,0,0),
    (1000,12,147,1,0,0),
    (1000,13,145,1,0,0),
    (1000,14,123,1,0,0),
    (1000,15,85,1,0,0),
    (1000,16,52,1,0,0),
    (1000,17,96,1,0,0),
    (1000,18,69,1,0,0),
    (1000,19,58,1,0,0),
    (1000,20,32,1,0,0),
    (1000,21,56,1,0,0),
    (1000,22,58,1,0,0),
    (1000,23,52,1,0,0),
    (1000,24,47,1,0,0),
    (1000,25,81,1,0,0),
    (1000,26,91,1,0,0),
    (1000,27,90,1,0,0),
    (1000,28,182,1,0,0),
    (1000,29,39,1,0,0),
    (1000,30,20,1,0,0),
    (1001,1,125,1,0,0),
    (1001,2,142,1,0,0),
    (1001,3,123,1,0,0),
    (1001,4,145,1,0,0),
    (1001,5,124,1,0,0),
    (1001,6,125,1,0,0),
    (1001,7,126,1,0,0),
    (1001,8,178,1,0,0),
    (1001,9,179,1,0,0),
    (1001,10,198,1,0,0),
    (1001,11,174,1,0,0),
    (1001,12,148,1,0,0),
    (1001,13,132,1,0,0),
    (1001,14,165,1,0,0),
    (1001,15,162,1,0,0),
    (1001,16,154,1,0,0),
    (1001,17,200,1,0,0),
    (1001,18,201,1,0,0),
    (1001,19,202,1,0,0),
    (1001,20,203,1,0,0),
    (1001,21,204,1,0,0),
    (1001,22,198,1,0,0),
    (1001,23,197,1,0,0),
    (1001,24,174,1,0,0),
    (1001,25,175,1,0,0),
    (1001,26,168,1,0,0),
    (1001,27,15,1,0,0),
    (1001,28,19,1,0,0),
    (1001,29,18,1,0,0),
    (1001,30,80,1,0,0),
    (1002,1,78,1,0,0),
    (1002,2,79,1,0,0),
    (1002,3,74,1,0,0),
    (1002,4,75,1,0,0),
    (1002,5,76,1,0,0),
    (1002,6,71,1,0,0),
    (1002,7,72,1,0,0),
    (1002,8,73,1,0,0),
    (1002,9,23,1,0,0),
    (1002,10,26,1,0,0),
    (1002,11,25,1,0,0),
    (1002,12,24,1,0,0),
    (1002,13,27,1,0,0),
    (1002,14,29,1,0,0),
    (1002,15,28,1,0,0),
    (1002,16,21,1,0,0),
    (1002,17,95,1,0,0),
    (1002,18,98,1,0,0),
    (1002,19,97,1,0,0),
    (1002,20,96,1,0,0),
    (1002,21,94,1,0,0),
    (1002,22,93,1,0,0),
    (1002,23,92,1,0,0),
    (1002,24,91,1,0,0),
    (1002,25,41,1,0,0),
    (1002,26,42,1,0,0),
    (1002,27,43,1,0,0),
    (1002,28,46,1,0,0),
    (1002,29,45,1,0,0),
    (1002,30,48,1,0,0),
    (1003,1,10,1,0,0),
    (1003,2,12,1,0,0),
    (1003,3,13,1,0,0),
    (1003,4,11,1,0,0),
    (1003,5,14,1,0,0),
    (1003,6,151,1,0,0),
    (1003,7,85,1,0,0),
    (1003,8,16,1,0,0),
    (1003,9,17,1,0,0),
    (1003,10,18,1,0,0),
    (1003,11,19,1,0,0),
    (1003,12,132,1,0,0),
    (1003,13,20,1,0,0),
    (1003,14,30,1,0,0),
    (1003,15,40,1,0,0),
    (1003,16,50,1,0,0),
    (1003,17,60,1,0,0),
    (1003,18,90,1,0,0),
    (1003,19,80,1,0,0),
    (1003,20,70,1,0,0),
    (1003,21,71,1,0,0),
    (1003,22,78,1,0,0),
    (1003,23,79,1,0,0),
    (1003,24,74,1,0,0),
    (1003,25,85,1,0,0),
    (1003,26,96,1,0,0),
    (1003,27,63,1,0,0),
    (1003,28,52,1,0,0),
    (1003,29,42,1,0,0),
    (1003,30,129,1,0,0),
    (1004,1,14,1,0,0),
    (1004,2,17,1,0,0),
    (1004,3,18,1,0,0),
    (1004,4,15,1,0,0),
    (1004,5,19,1,0,0),
    (1004,6,16,1,0,0),
    (1004,7,12,1,0,0),
    (1004,8,13,1,0,0),
    (1004,9,21,1,0,0),
    (1004,10,24,1,0,0),
    (1004,11,25,1,0,0),
    (1004,12,23,1,0,0),
    (1004,13,26,1,0,0),
    (1004,14,29,1,0,0),
    (1004,15,28,1,0,0),
    (1004,16,72,1,0,0),
    (1004,17,27,1,0,0),
    (1004,18,32,1,0,0),
    (1004,19,31,1,0,0),
    (1004,20,36,1,0,0),
    (1004,21,35,1,0,0),
    (1004,22,34,1,0,0),
    (1004,23,39,1,0,0),
    (1004,24,38,1,0,0),
    (1004,25,37,1,0,0),
    (1004,26,63,1,0,0),
    (1004,27,62,1,0,0),
    (1004,28,65,1,0,0),
    (1004,29,69,1,0,0),
    (1004,30,68,1,0,0),
    (1005,1,72,1,0,0),
    (1005,2,85,1,0,0),
    (1005,3,79,1,0,0),
    (1005,4,76,1,0,0),
    (1005,5,75,1,0,0),
    (1005,6,74,1,0,0),
    (1005,7,71,1,0,0),
    (1005,8,72,1,0,0),
    (1005,9,73,1,0,0),
    (1005,10,70,1,0,0),
    (1005,11,10,1,0,0),
    (1005,12,12,1,0,0),
    (1005,13,13,1,0,0),
    (1005,14,14,1,0,0),
    (1005,15,15,1,0,0),
    (1005,16,16,1,0,0),
    (1005,17,19,1,0,0),
    (1005,18,18,1,0,0),
    (1005,19,17,1,0,0),
    (1005,20,125,1,0,0),
    (1005,21,32,1,0,0),
    (1005,22,36,1,0,0),
    (1005,23,35,1,0,0),
    (1005,24,34,1,0,0),
    (1005,25,39,1,0,0),
    (1005,26,38,1,0,0),
    (1005,27,37,1,0,0),
    (1005,28,52,1,0,0),
    (1005,29,28,1,0,0),
    (1005,30,93,1,0,0),
    (1006,1,30,1,0,0),
    (1006,2,31,1,0,0),
    (1006,3,36,1,0,0),
    (1006,4,32,1,0,0),
    (1006,5,35,1,0,0),
    (1006,6,34,1,0,0),
    (1006,7,39,1,0,0),
    (1006,8,38,1,0,0),
    (1006,9,37,1,0,0),
    (1006,10,63,1,0,0),
    (1006,11,65,1,0,0),
    (1006,12,64,1,0,0),
    (1006,13,69,1,0,0),
    (1006,14,68,1,0,0),
    (1006,15,67,1,0,0),
    (1006,16,74,1,0,0),
    (1006,17,45,1,0,0),
    (1006,18,36,1,0,0),
    (1006,19,52,1,0,0),
    (1006,20,85,1,0,0),
    (1006,21,75,1,0,0),
    (1006,22,95,1,0,0),
    (1006,23,65,1,0,0),
    (1006,24,45,1,0,0),
    (1006,25,201,1,0,0),
    (1006,26,203,1,0,0),
    (1006,27,159,1,0,0),
    (1006,28,12,1,0,0),
    (1006,29,142,1,0,0),
    (1006,30,154,1,0,0),
    (1007,1,133,1,0,0),
    (1007,2,147,1,0,0),
    (1007,3,148,1,0,0),
    (1007,4,149,1,0,0),
    (1007,5,145,1,0,0),
    (1007,6,165,1,0,0),
    (1007,7,132,1,0,0),
    (1007,8,165,1,0,0),
    (1007,9,142,1,0,0),
    (1007,10,132,1,0,0),
    (1007,11,198,1,0,0),
    (1007,12,187,1,0,0),
    (1007,13,142,1,0,0),
    (1007,14,149,1,0,0),
    (1007,15,129,1,0,0),
    (1007,16,15,1,0,0),
    (1007,17,181,1,0,0),
    (1007,18,19,1,0,0),
    (1007,19,17,1,0,0),
    (1007,20,16,1,0,0),
    (1007,21,10,1,0,0),
    (1007,22,11,1,0,0),
    (1007,23,12,1,0,0),
    (1007,24,145,1,0,0),
    (1007,25,123,1,0,0),
    (1007,26,5,1,0,0),
    (1007,27,9,1,0,0),
    (1007,28,8,1,0,0),
    (1007,29,7,1,0,0),
    (1007,30,3,1,0,0),
    (1008,1,2,1,0,0),
    (1008,2,3,1,0,0),
    (1008,3,4,1,0,0),
    (1008,4,29,1,0,0),
    (1008,5,5,1,0,0),
    (1008,6,9,1,0,0),
    (1008,7,8,1,0,0),
    (1008,8,7,1,0,0),
    (1008,9,10,1,0,0),
    (1008,10,20,1,0,0),
    (1008,11,30,1,0,0),
    (1008,12,4,1,0,0),
    (1008,13,65,1,0,0),
    (1008,14,87,1,0,0),
    (1008,15,41,1,0,0),
    (1008,16,1,1,0,0),
    (1008,17,26,1,0,0),
    (1008,18,36,1,0,0),
    (1008,19,39,1,0,0),
    (1008,20,38,1,0,0),
    (1008,21,35,1,0,0),
    (1008,22,36,1,0,0),
    (1008,23,85,1,0,0),
    (1008,24,96,1,0,0),
    (1008,25,94,1,0,0),
    (1008,26,58,1,0,0),
    (1008,27,86,1,0,0),
    (1008,28,87,1,0,0),
    (1008,29,54,1,0,0),
    (1008,30,64,1,0,0),
    (1009,1,14,1,0,0),
    (1009,2,15,1,0,0),
    (1009,3,16,1,0,0),
    (1009,4,19,1,0,0),
    (1009,5,18,1,0,0),
    (1009,6,17,1,0,0),
    (1009,7,125,1,0,0),
    (1009,8,32,1,0,0),
    (1009,9,36,1,0,0),
    (1009,10,35,1,0,0),
    (1009,11,34,1,0,0),
    (1009,12,39,1,0,0),
    (1009,13,38,1,0,0),
    (1009,14,37,1,0,0),
    (1009,15,52,1,0,0),
    (1009,16,28,1,0,0),
    (1009,17,93,1,0,0),
    (1009,18,30,1,0,0),
    (1009,19,31,1,0,0),
    (1009,20,36,1,0,0),
    (1009,21,32,1,0,0),
    (1009,22,35,1,0,0),
    (1009,23,34,1,0,0),
    (1009,24,39,1,0,0),
    (1009,25,38,1,0,0),
    (1009,26,37,1,0,0),
    (1009,27,63,1,0,0),
    (1009,28,65,1,0,0),
    (1009,29,64,1,0,0),
    (1009,30,69,1,0,0),
    (1010,1,68,1,0,0),
    (1010,2,67,1,0,0),
    (1010,3,74,1,0,0),
    (1010,4,45,1,0,0),
    (1010,5,36,1,0,0),
    (1010,6,52,1,0,0),
    (1010,7,85,1,0,0),
    (1010,8,75,1,0,0),
    (1010,9,95,1,0,0),
    (1010,10,65,1,0,0),
    (1010,11,45,1,0,0),
    (1010,12,201,1,0,0),
    (1010,13,203,1,0,0),
    (1010,14,159,1,0,0),
    (1010,15,12,1,0,0),
    (1010,16,142,1,0,0),
    (1010,17,154,1,0,0),
    (1010,18,133,1,0,0),
    (1010,19,147,1,0,0),
    (1010,20,148,1,0,0),
    (1010,21,149,1,0,0),
    (1010,22,145,1,0,0),
    (1010,23,165,1,0,0),
    (1010,24,3,1,0,0),
    (1010,25,2,1,0,0),
    (1010,26,3,1,0,0),
    (1010,27,4,1,0,0),
    (1010,28,29,1,0,0),
    (1010,29,5,1,0,0),
    (1010,30,9,1,0,0),
    (1011,1,8,1,0,0),
    (1011,2,7,1,0,0),
    (1011,3,10,1,0,0),
    (1011,4,20,1,0,0),
    (1011,5,30,1,0,0),
    (1011,6,4,1,0,0),
    (1011,7,65,1,0,0),
    (1011,8,87,1,0,0),
    (1011,9,41,1,0,0),
    (1011,10,1,1,0,0),
    (1011,11,26,1,0,0),
    (1011,12,36,1,0,0),
    (1011,13,39,1,0,0),
    (1011,14,38,1,0,0),
    (1011,15,35,1,0,0),
    (1011,16,36,1,0,0),
    (1011,17,85,1,0,0),
    (1011,18,96,1,0,0),
    (1011,19,94,1,0,0),
    (1011,20,58,1,0,0),
    (1011,21,86,1,0,0),
    (1011,22,87,1,0,0),
    (1011,23,54,1,0,0),
    (1011,24,64,1,0,0),
    (1011,25,14,1,0,0),
    (1011,26,15,1,0,0),
    (1011,27,16,1,0,0),
    (1011,28,19,1,0,0),
    (1011,29,18,1,0,0),
    (1011,30,17,1,0,0),
    (1012,1,125,1,0,0),
    (1012,2,32,1,0,0),
    (1012,3,36,1,0,0),
    (1012,4,35,1,0,0),
    (1012,5,34,1,0,0),
    (1012,6,39,1,0,0),
    (1012,7,23,1,0,0),
    (1012,8,26,1,0,0),
    (1012,9,25,1,0,0),
    (1012,10,24,1,0,0),
    (1012,11,27,1,0,0),
    (1012,12,29,1,0,0),
    (1012,13,28,1,0,0),
    (1012,14,21,1,0,0),
    (1012,15,95,1,0,0),
    (1012,16,98,1,0,0),
    (1012,17,97,1,0,0),
    (1012,18,96,1,0,0),
    (1012,19,94,1,0,0),
    (1012,20,93,1,0,0),
    (1012,21,92,1,0,0),
    (1012,22,91,1,0,0),
    (1012,23,41,1,0,0),
    (1012,24,42,1,0,0),
    (1012,25,43,1,0,0),
    (1012,26,46,1,0,0),
    (1012,27,45,1,0,0),
    (1012,28,48,1,0,0),
    (1012,29,10,1,0,0),
    (1012,30,12,1,0,0),
    (1013,1,13,1,0,0),
    (1013,2,11,1,0,0),
    (1013,3,14,1,0,0),
    (1013,4,151,1,0,0),
    (1013,5,85,1,0,0),
    (1013,6,16,1,0,0),
    (1013,7,17,1,0,0),
    (1013,8,18,1,0,0),
    (1013,9,19,1,0,0),
    (1013,10,132,1,0,0),
    (1013,11,20,1,0,0),
    (1013,12,30,1,0,0),
    (1013,13,40,1,0,0),
    (1013,14,50,1,0,0),
    (1013,15,60,1,0,0),
    (1013,16,90,1,0,0),
    (1013,17,80,1,0,0),
    (1013,18,70,1,0,0),
    (1013,19,71,1,0,0),
    (1013,20,78,1,0,0),
    (1013,21,79,1,0,0),
    (1013,22,74,1,0,0),
    (1013,23,85,1,0,0),
    (1013,24,96,1,0,0),
    (1013,25,63,1,0,0),
    (1013,26,52,1,0,0),
    (1013,27,42,1,0,0),
    (1013,28,129,1,0,0),
    (1013,29,14,1,0,0),
    (1013,30,17,1,0,0),
    (1014,1,18,1,0,0),
    (1014,2,15,1,0,0),
    (1014,3,19,1,0,0),
    (1014,4,16,1,0,0),
    (1014,5,12,1,0,0),
    (1014,6,13,1,0,0),
    (1014,7,21,1,0,0),
    (1014,8,24,1,0,0),
    (1014,9,25,1,0,0),
    (1014,10,23,1,0,0),
    (1014,11,26,1,0,0),
    (1014,12,29,1,0,0),
    (1014,13,28,1,0,0),
    (1014,14,72,1,0,0),
    (1014,15,27,1,0,0),
    (1014,16,32,1,0,0),
    (1014,17,31,1,0,0),
    (1014,18,36,1,0,0),
    (1014,19,35,1,0,0),
    (1014,20,34,1,0,0),
    (1014,21,39,1,0,0),
    (1014,22,38,1,0,0),
    (1014,23,37,1,0,0),
    (1014,24,23,1,0,0),
    (1014,25,26,1,0,0),
    (1014,26,25,1,0,0),
    (1014,27,24,1,0,0),
    (1014,28,27,1,0,0),
    (1014,29,29,1,0,0),
    (1014,30,28,1,0,0),
    (1015,1,21,1,0,0),
    (1015,2,95,1,0,0),
    (1015,3,98,1,0,0),
    (1015,4,97,1,0,0),
    (1015,5,96,1,0,0),
    (1015,6,94,1,0,0),
    (1015,7,93,1,0,0),
    (1015,8,92,1,0,0),
    (1015,9,91,1,0,0),
    (1015,10,41,1,0,0),
    (1015,11,42,1,0,0),
    (1015,12,43,1,0,0),
    (1015,13,46,1,0,0),
    (1015,14,45,1,0,0),
    (1015,15,48,1,0,0),
    (1015,16,10,1,0,0),
    (1015,17,12,1,0,0),
    (1015,18,13,1,0,0),
    (1015,19,11,1,0,0),
    (1015,20,14,1,0,0),
    (1015,21,151,1,0,0),
    (1015,22,85,1,0,0),
    (1015,23,16,1,0,0),
    (1015,24,17,1,0,0),
    (1015,25,18,1,0,0),
    (1015,26,19,1,0,0),
    (1015,27,132,1,0,0),
    (1015,28,20,1,0,0),
    (1015,29,30,1,0,0),
    (1015,30,40,1,0,0),
    (1016,1,50,1,0,0),
    (1016,2,60,1,0,0),
    (1016,3,90,1,0,0),
    (1016,4,80,1,0,0),
    (1016,5,70,1,0,0),
    (1016,6,71,1,0,0),
    (1016,7,78,1,0,0),
    (1016,8,79,1,0,0),
    (1016,9,74,1,0,0),
    (1016,10,85,1,0,0),
    (1016,11,96,1,0,0),
    (1016,12,63,1,0,0),
    (1016,13,52,1,0,0),
    (1016,14,42,1,0,0),
    (1016,15,129,1,0,0),
    (1016,16,14,1,0,0),
    (1016,17,17,1,0,0),
    (1016,18,18,1,0,0),
    (1016,19,15,1,0,0),
    (1016,20,19,1,0,0),
    (1016,21,16,1,0,0),
    (1016,22,12,1,0,0),
    (1016,23,13,1,0,0),
    (1016,24,21,1,0,0),
    (1016,25,24,1,0,0),
    (1016,26,25,1,0,0),
    (1016,27,23,1,0,0),
    (1016,28,26,1,0,0),
    (1016,29,29,1,0,0),
    (1016,30,28,1,0,0),
    (1017,1,72,1,0,0),
    (1017,2,27,1,0,0),
    (1017,3,32,1,0,0),
    (1017,4,31,1,0,0),
    (1017,5,36,1,0,0),
    (1017,6,35,1,0,0),
    (1017,7,34,1,0,0),
    (1017,8,39,1,0,0),
    (1017,9,38,1,0,0),
    (1017,10,37,1,0,0),
    (1017,11,9,1,0,0),
    (1017,12,8,1,0,0),
    (1017,13,7,1,0,0),
    (1017,14,3,1,0,0),
    (1017,15,2,1,0,0),
    (1017,16,3,1,0,0),
    (1017,17,4,1,0,0),
    (1017,18,29,1,0,0),
    (1017,19,5,1,0,0),
    (1017,20,9,1,0,0),
    (1017,21,8,1,0,0),
    (1017,22,7,1,0,0),
    (1017,23,10,1,0,0),
    (1017,24,20,1,0,0),
    (1017,25,30,1,0,0),
    (1017,26,4,1,0,0),
    (1017,27,65,1,0,0),
    (1017,28,87,1,0,0),
    (1017,29,41,1,0,0),
    (1017,30,1,1,0,0),
    (1018,1,26,1,0,0),
    (1018,2,36,1,0,0),
    (1018,3,39,1,0,0),
    (1018,4,38,1,0,0),
    (1018,5,35,1,0,0),
    (1018,6,36,1,0,0),
    (1018,7,85,1,0,0),
    (1018,8,96,1,0,0),
    (1018,9,94,1,0,0),
    (1018,10,58,1,0,0),
    (1018,11,86,1,0,0),
    (1018,12,87,1,0,0),
    (1018,13,54,1,0,0),
    (1018,14,64,1,0,0),
    (1018,15,14,1,0,0),
    (1018,16,15,1,0,0),
    (1018,17,16,1,0,0),
    (1018,18,19,1,0,0),
    (1018,19,18,1,0,0),
    (1018,20,17,1,0,0),
    (1018,21,125,1,0,0),
    (1018,22,32,1,0,0),
    (1018,23,36,1,0,0),
    (1018,24,35,1,0,0),
    (1018,25,34,1,0,0),
    (1018,26,39,1,0,0),
    (1018,27,38,1,0,0),
    (1018,28,37,1,0,0),
    (1018,29,52,1,0,0),
    (1018,30,28,1,0,0),
    (1019,1,93,1,0,0),
    (1019,2,30,1,0,0),
    (1019,3,31,1,0,0),
    (1019,4,36,1,0,0),
    (1019,5,32,1,0,0),
    (1019,6,35,1,0,0),
    (1019,7,34,1,0,0),
    (1019,8,39,1,0,0),
    (1019,9,38,1,0,0),
    (1019,10,37,1,0,0),
    (1019,11,63,1,0,0),
    (1019,12,65,1,0,0),
    (1019,13,64,1,0,0),
    (1019,14,69,1,0,0),
    (1019,15,68,1,0,0),
    (1019,16,67,1,0,0),
    (1019,17,74,1,0,0),
    (1019,18,45,1,0,0),
    (1019,19,36,1,0,0),
    (1019,20,52,1,0,0),
    (1019,21,85,1,0,0),
    (1019,22,75,1,0,0),
    (1019,23,95,1,0,0),
    (1019,24,65,1,0,0),
    (1019,25,45,1,0,0),
    (1019,26,201,1,0,0),
    (1019,27,203,1,0,0),
    (1019,28,159,1,0,0),
    (1019,29,12,1,0,0),
    (1019,30,142,1,0,0),
    (1020,1,154,1,0,0),
    (1020,2,133,1,0,0),
    (1020,3,147,1,0,0),
    (1020,4,58,1,0,0),
    (1020,5,32,1,0,0),
    (1020,6,56,1,0,0),
    (1020,7,58,1,0,0),
    (1020,8,52,1,0,0),
    (1020,9,47,1,0,0),
    (1020,10,81,1,0,0),
    (1020,11,91,1,0,0),
    (1020,12,90,1,0,0),
    (1020,13,182,1,0,0),
    (1020,14,39,1,0,0),
    (1020,15,20,1,0,0),
    (1020,16,125,1,0,0),
    (1020,17,142,1,0,0),
    (1020,18,123,1,0,0),
    (1020,19,145,1,0,0),
    (1020,20,124,1,0,0),
    (1020,21,125,1,0,0),
    (1020,22,126,1,0,0),
    (1020,23,178,1,0,0),
    (1020,24,179,1,0,0),
    (1020,25,198,1,0,0),
    (1020,26,174,1,0,0),
    (1020,27,148,1,0,0),
    (1020,28,132,1,0,0),
    (1020,29,165,1,0,0),
    (1020,30,162,1,0,0),
    (1021,1,154,1,0,0),
    (1021,2,200,1,0,0),
    (1021,3,201,1,0,0),
    (1021,4,202,1,0,0),
    (1021,5,203,1,0,0),
    (1021,6,204,1,0,0),
    (1021,7,198,1,0,0),
    (1021,8,197,1,0,0),
    (1021,9,174,1,0,0),
    (1021,10,175,1,0,0),
    (1021,11,168,1,0,0),
    (1021,12,15,1,0,0),
    (1021,13,19,1,0,0),
    (1021,14,18,1,0,0),
    (1021,15,80,1,0,0),
    (1021,16,78,1,0,0),
    (1021,17,79,1,0,0),
    (1021,18,74,1,0,0),
    (1021,19,75,1,0,0),
    (1021,20,76,1,0,0),
    (1021,21,71,1,0,0),
    (1021,22,72,1,0,0),
    (1021,23,73,1,0,0),
    (1021,24,23,1,0,0),
    (1021,25,26,1,0,0),
    (1021,26,25,1,0,0),
    (1021,27,24,1,0,0),
    (1021,28,27,1,0,0),
    (1021,29,29,1,0,0),
    (1021,30,28,1,0,0),
    (1022,1,21,1,0,0),
    (1022,2,95,1,0,0),
    (1022,3,98,1,0,0),
    (1022,4,97,1,0,0),
    (1022,5,96,1,0,0),
    (1022,6,94,1,0,0),
    (1022,7,93,1,0,0),
    (1022,8,92,1,0,0),
    (1022,9,91,1,0,0),
    (1022,10,41,1,0,0),
    (1022,11,42,1,0,0),
    (1022,12,43,1,0,0),
    (1022,13,46,1,0,0),
    (1022,14,45,1,0,0),
    (1022,15,48,1,0,0),
    (1022,16,10,1,0,0),
    (1022,17,12,1,0,0),
    (1022,18,13,1,0,0),
    (1022,19,11,1,0,0),
    (1022,20,14,1,0,0),
    (1022,21,151,1,0,0),
    (1022,22,85,1,0,0),
    (1022,23,16,1,0,0),
    (1022,24,17,1,0,0),
    (1022,25,18,1,0,0),
    (1022,26,19,1,0,0),
    (1022,27,132,1,0,0),
    (1022,28,20,1,0,0),
    (1022,29,30,1,0,0),
    (1022,30,40,1,0,0),
    (1023,1,50,1,0,0),
    (1023,2,60,1,0,0),
    (1023,3,90,1,0,0),
    (1023,4,80,1,0,0),
    (1023,5,70,1,0,0),
    (1023,6,71,1,0,0),
    (1023,7,78,1,0,0),
    (1023,8,79,1,0,0),
    (1023,9,74,1,0,0),
    (1023,10,85,1,0,0),
    (1023,11,96,1,0,0),
    (1023,12,63,1,0,0),
    (1023,13,52,1,0,0),
    (1023,14,42,1,0,0),
    (1023,15,129,1,0,0),
    (1023,16,14,1,0,0),
    (1023,17,17,1,0,0),
    (1023,18,18,1,0,0),
    (1023,19,15,1,0,0),
    (1023,20,19,1,0,0),
    (1023,21,16,1,0,0),
    (1023,22,12,1,0,0),
    (1023,23,13,1,0,0),
    (1023,24,21,1,0,0),
    (1023,25,24,1,0,0),
    (1023,26,25,1,0,0),
    (1023,27,23,1,0,0),
    (1023,28,26,1,0,0),
    (1023,29,29,1,0,0),
    (1023,30,28,1,0,0),
    (1024,1,72,1,0,0),
    (1024,2,27,1,0,0),
    (1024,3,32,1,0,0),
    (1024,4,31,1,0,0),
    (1024,5,36,1,0,0),
    (1024,6,35,1,0,0),
    (1024,7,34,1,0,0),
    (1024,8,39,1,0,0),
    (1024,9,38,1,0,0),
    (1024,10,37,1,0,0),
    (1024,11,63,1,0,0),
    (1024,12,62,1,0,0),
    (1024,13,65,1,0,0),
    (1024,14,69,1,0,0),
    (1024,15,68,1,0,0),
    (1024,16,72,1,0,0),
    (1024,17,85,1,0,0),
    (1024,18,79,1,0,0),
    (1024,19,76,1,0,0),
    (1024,20,75,1,0,0),
    (1024,21,74,1,0,0),
    (1024,22,71,1,0,0),
    (1024,23,72,1,0,0),
    (1024,24,73,1,0,0),
    (1024,25,70,1,0,0),
    (1024,26,10,1,0,0),
    (1024,27,12,1,0,0),
    (1024,28,13,1,0,0),
    (1024,29,14,1,0,0),
    (1024,30,15,1,0,0),
    (1025,1,16,1,0,0),
    (1025,2,19,1,0,0),
    (1025,3,18,1,0,0),
    (1025,4,17,1,0,0),
    (1025,5,125,1,0,0),
    (1025,6,32,1,0,0),
    (1025,7,36,1,0,0),
    (1025,8,35,1,0,0),
    (1025,9,34,1,0,0),
    (1025,10,39,1,0,0),
    (1025,11,38,1,0,0),
    (1025,12,37,1,0,0),
    (1025,13,52,1,0,0),
    (1025,14,28,1,0,0),
    (1025,15,93,1,0,0),
    (1025,16,30,1,0,0),
    (1025,17,31,1,0,0),
    (1025,18,36,1,0,0),
    (1025,19,32,1,0,0),
    (1025,20,35,1,0,0),
    (1025,21,34,1,0,0),
    (1025,22,39,1,0,0),
    (1025,23,38,1,0,0),
    (1025,24,37,1,0,0),
    (1025,25,63,1,0,0),
    (1025,26,65,1,0,0),
    (1025,27,64,1,0,0),
    (1025,28,69,1,0,0),
    (1025,29,68,1,0,0),
    (1025,30,67,1,0,0),
    (1026,1,74,1,0,0),
    (1026,2,45,1,0,0),
    (1026,3,36,1,0,0),
    (1026,4,52,1,0,0),
    (1026,5,85,1,0,0),
    (1026,6,75,1,0,0),
    (1026,7,95,1,0,0),
    (1026,8,65,1,0,0),
    (1026,9,45,1,0,0),
    (1026,10,201,1,0,0),
    (1026,11,203,1,0,0),
    (1026,12,159,1,0,0),
    (1026,13,12,1,0,0),
    (1026,14,142,1,0,0),
    (1026,15,154,1,0,0),
    (1026,16,133,1,0,0),
    (1026,17,147,1,0,0),
    (1026,18,148,1,0,0),
    (1026,19,149,1,0,0),
    (1026,20,145,1,0,0),
    (1026,21,165,1,0,0),
    (1026,22,132,1,0,0),
    (1026,23,165,1,0,0),
    (1026,24,142,1,0,0),
    (1026,25,132,1,0,0),
    (1026,26,198,1,0,0),
    (1026,27,187,1,0,0),
    (1026,28,142,1,0,0),
    (1026,29,149,1,0,0),
    (1026,30,129,1,0,0),
    (1027,1,15,1,0,0),
    (1027,2,181,1,0,0),
    (1027,3,19,1,0,0),
    (1027,4,17,1,0,0),
    (1027,5,16,1,0,0),
    (1027,6,10,1,0,0),
    (1027,7,11,1,0,0),
    (1027,8,12,1,0,0),
    (1027,9,145,1,0,0),
    (1027,10,123,1,0,0),
    (1027,11,5,1,0,0),
    (1027,12,9,1,0,0),
    (1027,13,8,1,0,0),
    (1027,14,7,1,0,0),
    (1027,15,3,1,0,0),
    (1027,16,2,1,0,0),
    (1027,17,3,1,0,0),
    (1027,18,4,1,0,0),
    (1027,19,29,1,0,0),
    (1027,20,5,1,0,0),
    (1027,21,9,1,0,0),
    (1027,22,8,1,0,0),
    (1027,23,7,1,0,0),
    (1027,24,10,1,0,0),
    (1027,25,20,1,0,0),
    (1027,26,30,1,0,0),
    (1027,27,4,1,0,0),
    (1027,28,65,1,0,0),
    (1027,29,87,1,0,0),
    (1027,30,41,1,0,0),
    (1028,1,1,1,0,0),
    (1028,2,26,1,0,0),
    (1028,3,36,1,0,0),
    (1028,4,39,1,0,0),
    (1028,5,38,1,0,0),
    (1028,6,35,1,0,0),
    (1028,7,36,1,0,0),
    (1028,8,85,1,0,0),
    (1028,9,96,1,0,0),
    (1028,10,94,1,0,0),
    (1028,11,58,1,0,0),
    (1028,12,86,1,0,0),
    (1028,13,87,1,0,0),
    (1028,14,54,1,0,0),
    (1028,15,64,1,0,0),
    (1028,16,14,1,0,0),
    (1028,17,15,1,0,0),
    (1028,18,16,1,0,0),
    (1028,19,19,1,0,0),
    (1028,20,18,1,0,0),
    (1028,21,17,1,0,0),
    (1028,22,125,1,0,0),
    (1028,23,32,1,0,0),
    (1028,24,36,1,0,0),
    (1028,25,35,1,0,0),
    (1028,26,34,1,0,0),
    (1028,27,39,1,0,0),
    (1028,28,38,1,0,0),
    (1028,29,37,1,0,0),
    (1028,30,52,1,0,0),
    (1029,1,28,1,0,0),
    (1029,2,93,1,0,0),
    (1029,3,30,1,0,0),
    (1029,4,31,1,0,0),
    (1029,5,36,1,0,0),
    (1029,6,32,1,0,0),
    (1029,7,35,1,0,0),
    (1029,8,34,1,0,0),
    (1029,9,39,1,0,0),
    (1029,10,38,1,0,0),
    (1029,11,37,1,0,0),
    (1029,12,63,1,0,0),
    (1029,13,65,1,0,0),
    (1029,14,64,1,0,0),
    (1029,15,69,1,0,0),
    (1029,16,68,1,0,0),
    (1029,17,67,1,0,0),
    (1029,18,74,1,0,0),
    (1029,19,45,1,0,0),
    (1029,20,36,1,0,0),
    (1029,21,52,1,0,0),
    (1029,22,85,1,0,0),
    (1029,23,75,1,0,0),
    (1029,24,95,1,0,0),
    (1029,25,65,1,0,0),
    (1029,26,45,1,0,0),
    (1029,27,201,1,0,0),
    (1029,28,203,1,0,0),
    (1029,29,159,1,0,0),
    (1029,30,12,1,0,0);

    INSERT INTO NOTAS (NOTA_ID,NOTA_DATA_DE_EMISSAO,NOTA_CLIENTE,NOTA_ATENDENTE)
    VALUES
    (1000,'14/07/2022',1,1),
    (1001,'15/07/2022',2,2),
    (1002,'16/07/2022',3,3),
    (1003,'17/07/2022',4,4),
    (1004,'18/07/2022',5,5),
    (1005,'19/07/2022',6,6),
    (1006,'20/07/2022',7,7),
    (1007,'21/07/2022',8,8),
    (1008,'22/07/2022',9,9),
    (1009,'23/07/2022',10,10),
    (1010,'24/07/2022',11,1),
    (1011,'25/07/2022',12,2),
    (1012,'26/07/2022',13,3),
    (1013,'27/07/2022',14,4),
    (1014,'28/07/2022',15,5),
    (1015,'29/07/2022',16,6),
    (1016,'30/07/2022',17,7),
    (1017,'31/07/2022',18,8),
    (1018,'01/08/2022',19,9),
    (1019,'02/08/2022',20,10),
    (1020,'03/08/2022',21,1),
    (1021,'04/08/2022',22,2),
    (1022,'05/08/2022',23,3),
    (1023,'06/08/2022',24,4),
    (1024,'07/08/2022',25,5),
    (1025,'08/08/2022',26,6),
    (1026,'09/08/2022',27,7),
    (1027,'10/08/2022',28,8),
    (1028,'11/08/2022',29,9),
    (1029,'12/08/2022',30,10);


    INSERT INTO CIDADES (CIDADE_NOME, CIDADE_CEP)
    VALUES
    ('FLORIANOPOLIS','123456-00'),
    ('BLUMENAU','321123-11');